episode,total_reward,coverage_pct,steps,total_collisions,terminated
1,177.59999999999997,1.0,400,5,True
2,177.39999999999998,1.0,429,5,True
3,162.99999999999986,1.0,497,0,True
4,184.2,1.0,419,3,True
5,181.79999999999998,1.0,382,5,True
6,-39.85000000000011,0.984375,500,3,False
7,158.0,1.0,493,5,True
8,-37.30000000000011,0.96875,500,7,False
9,-33.250000000000064,0.984375,500,2,False
10,199.60000000000002,1.0,301,5,True
11,-32.45000000000006,0.984375,500,3,False
12,176.09999999999997,1.0,423,9,True
13,-43.850000000000094,0.984375,500,9,False
14,-45.55000000000013,0.984375,500,6,False
15,-36.850000000000094,0.984375,500,6,False
16,193.49999999999991,1.0,360,4,True
17,162.8999999999999,1.0,486,8,True
18,180.19999999999993,1.0,451,9,True
19,-41.950000000000074,0.984375,500,12,False
20,-36.25000000000009,0.953125,500,4,False
21,199.49999999999997,1.0,331,9,True
22,198.19999999999993,1.0,304,1,True
23,219.09999999999997,1.0,212,0,True
24,189.29999999999998,1.0,375,1,True
25,-42.35000000000007,0.953125,500,5,False
26,-33.05000000000006,0.984375,500,0,False
27,160.29999999999995,1.0,470,3,True
28,-36.05000000000013,0.984375,500,10,False
29,163.5999999999999,1.0,470,15,True
30,-47.050000000000075,0.984375,500,1,False
31,-44.400000000000105,0.96875,500,8,False
32,212.39999999999992,1.0,284,2,True
33,181.9,1.0,397,4,True
34,-37.650000000000055,0.953125,500,9,False
35,200.29999999999998,1.0,284,8,True
36,-35.65000000000014,0.984375,500,25,False
37,167.29999999999993,1.0,481,8,True
38,-40.60000000000005,0.9375,500,8,False
39,-29.44999999999999,0.984375,500,9,False
40,-33.450000000000095,0.953125,500,7,False
41,-31.300000000000008,0.96875,500,9,False
42,-34.600000000000065,0.96875,500,5,False
43,-35.7500000000001,0.984375,500,3,False
44,185.89999999999998,1.0,403,4,True
45,167.29999999999998,1.0,448,7,True
46,168.0999999999999,1.0,462,9,True
47,-36.25000000000006,0.953125,500,12,False
48,177.29999999999995,1.0,401,0,True
49,197.29999999999995,1.0,320,5,True
50,196.09999999999997,1.0,323,8,True
51,-34.45000000000009,0.984375,500,3,False
52,166.3,1.0,487,6,True
53,211.29999999999998,1.0,253,1,True
54,-36.85000000000008,0.984375,500,11,False
55,196.09999999999994,1.0,352,4,True
56,-44.250000000000085,0.984375,500,10,False
57,-43.550000000000054,0.984375,500,11,False
58,196.89999999999995,1.0,343,6,True
59,202.69999999999996,1.0,301,8,True
60,221.69999999999993,1.0,214,0,True
61,-33.35000000000006,0.984375,500,4,False
62,-35.15000000000012,0.984375,500,13,False
63,222.19999999999993,1.0,198,7,True
64,-33.650000000000084,0.96875,500,8,False
65,199.99999999999991,1.0,325,1,True
66,182.29999999999995,1.0,383,3,True
67,199.29999999999993,1.0,346,10,True
68,167.5999999999999,1.0,488,7,True
69,-41.100000000000136,0.96875,500,6,False
70,205.69999999999987,1.0,307,2,True
71,203.89999999999995,1.0,287,4,True
72,207.89999999999992,1.0,295,3,True
73,-35.15000000000008,0.953125,500,13,False
74,224.29999999999995,1.0,199,1,True
75,193.49999999999991,1.0,361,5,True
76,186.49999999999991,1.0,425,2,True
77,-36.25000000000009,0.984375,500,6,False
78,201.1999999999999,1.0,308,6,True
79,236.19999999999993,1.0,147,0,True
80,167.19999999999993,1.0,425,13,True
81,183.49999999999997,1.0,372,7,True
82,-36.55000000000005,0.984375,500,8,False
83,-38.950000000000124,0.984375,500,6,False
84,-29.05000000000013,0.953125,500,2,False
85,-47.90000000000012,0.96875,500,16,False
86,-42.85000000000012,0.984375,500,5,False
87,218.49999999999983,1.0,267,0,True
88,197.79999999999998,1.0,317,2,True
89,191.89999999999998,1.0,330,8,True
90,-40.150000000000134,0.984375,500,13,False
91,187.69999999999996,1.0,382,3,True
92,204.39999999999995,1.0,325,7,True
93,204.99999999999994,1.0,290,3,True
94,-34.600000000000136,0.96875,500,11,False
95,209.5999999999999,1.0,270,5,True
96,233.19999999999993,1.0,160,0,True
97,207.0999999999999,1.0,306,12,True
98,-32.500000000000135,0.96875,500,8,False
99,193.8999999999999,1.0,394,7,True
100,183.7,1.0,428,3,True
101,215.4,1.0,207,4,True
102,158.39999999999992,1.0,500,2,True
103,209.49999999999991,1.0,288,0,True
104,172.99999999999991,1.0,451,9,True
105,-40.30000000000012,0.96875,500,14,False
106,174.69999999999996,1.0,459,10,True
107,220.54999999999993,1.0,231,4,True
108,194.09999999999994,1.0,332,10,True
109,168.39999999999995,1.0,471,7,True
110,176.60000000000002,1.0,400,3,True
111,-32.25000000000011,0.984375,500,9,False
112,170.09999999999997,1.0,460,10,True
113,192.79999999999993,1.0,344,4,True
114,207.09999999999994,1.0,287,4,True
115,167.89999999999992,1.0,487,3,True
116,204.89999999999986,1.0,300,5,True
117,-33.150000000000134,0.984375,500,3,False
118,-39.350000000000136,0.953125,500,7,False
119,190.29999999999993,1.0,368,8,True
120,-34.8500000000001,0.984375,500,11,False
121,-32.350000000000065,0.984375,500,1,False
122,-30.300000000000086,0.96875,500,13,False
123,197.64999999999998,1.0,338,3,True
124,-32.75000000000006,0.953125,500,5,False
125,166.19999999999993,1.0,435,9,True
126,-35.450000000000095,0.984375,500,12,False
127,170.39999999999998,1.0,413,14,True
128,189.29999999999995,1.0,359,1,True
129,212.29999999999993,1.0,285,0,True
130,-33.100000000000094,0.96875,500,3,False
131,-48.30000000000014,0.96875,500,20,False
132,197.79999999999998,1.0,323,5,True
133,197.70000000000002,1.0,324,2,True
134,212.49999999999994,1.0,254,2,True
135,184.3,1.0,379,0,True
136,185.6,1.0,398,6,True
137,214.49999999999997,1.0,259,0,True
138,183.69999999999996,1.0,375,18,True
139,201.5999999999999,1.0,326,5,True
140,199.3999999999999,1.0,330,0,True
141,-34.10000000000009,0.96875,500,9,False
142,193.49999999999991,1.0,384,6,True
143,202.7,1.0,292,5,True
144,179.3999999999999,1.0,415,4,True
145,204.99999999999997,1.0,300,9,True
146,238.49999999999991,1.0,158,1,True
147,221.1999999999999,1.0,243,2,True
148,176.2,1.0,399,3,True
149,175.59999999999997,1.0,427,12,True
150,-40.4500000000001,0.984375,500,5,False
151,178.1,1.0,404,5,True
152,208.59999999999997,1.0,274,1,True
153,-39.850000000000094,0.984375,500,9,False
154,-32.85000000000002,0.984375,500,10,False
155,212.19999999999987,1.0,268,9,True
156,183.69999999999993,1.0,404,3,True
157,169.89999999999992,1.0,450,17,True
158,-32.95000000000009,0.984375,500,4,False
159,170.09999999999994,1.0,446,10,True
160,-36.65000000000012,0.953125,500,9,False
161,169.1999999999999,1.0,472,5,True
162,194.99999999999994,1.0,376,2,True
163,208.99999999999997,1.0,274,0,True
164,191.19999999999993,1.0,380,1,True
165,188.0999999999999,1.0,407,4,True
166,207.39999999999995,1.0,275,1,True
167,231.79999999999995,1.0,177,0,True
168,184.79999999999995,1.0,400,6,True
169,223.09999999999994,1.0,218,2,True
170,181.7,1.0,382,7,True
171,216.8999999999999,1.0,256,2,True
172,219.29999999999995,1.0,207,0,True
173,210.2999999999999,1.0,320,3,True
174,165.19999999999987,1.0,476,12,True
175,185.89999999999992,1.0,389,2,True
176,191.29999999999987,1.0,372,5,True
177,-42.90000000000011,0.96875,500,13,False
178,216.59999999999994,1.0,240,2,True
179,166.39999999999978,1.0,493,12,True
180,200.29999999999993,1.0,329,1,True
181,-35.750000000000156,0.984375,500,2,False
182,-42.25000000000009,0.953125,500,19,False
183,216.19999999999993,1.0,242,0,True
184,190.8999999999999,1.0,388,2,True
185,204.89999999999998,1.0,286,3,True
186,184.59999999999997,1.0,394,8,True
187,174.0999999999999,1.0,486,2,True
188,210.4999999999999,1.0,324,3,True
189,183.79999999999995,1.0,387,1,True
190,219.2999999999998,1.0,261,3,True
191,227.99999999999994,1.0,191,0,True
192,229.49999999999991,1.0,186,7,True
193,200.79999999999998,1.0,288,7,True
194,231.49999999999991,1.0,175,1,True
195,198.0999999999999,1.0,372,3,True
196,210.79999999999995,1.0,253,2,True
197,-31.650000000000116,0.984375,500,10,False
198,225.29999999999993,1.0,206,0,True
199,208.3999999999999,1.0,291,1,True
200,220.5999999999999,1.0,247,0,True
201,226.0999999999999,1.0,192,0,True
202,206.2,1.0,266,4,True
203,-37.8500000000001,0.953125,500,3,False
204,225.0999999999999,1.0,202,2,True
205,187.1999999999999,1.0,428,2,True
206,185.59999999999997,1.0,409,1,True
207,171.99999999999997,1.0,454,4,True
208,-39.550000000000125,0.953125,500,2,False
209,181.6999999999999,1.0,457,2,True
210,220.1999999999999,1.0,233,4,True
211,230.99999999999991,1.0,180,2,True
212,235.84999999999994,1.0,155,6,True
213,226.9999999999999,1.0,208,4,True
214,-24.350000000000083,0.984375,500,15,False
215,228.39999999999986,1.0,202,1,True
216,199.9,1.0,347,4,True
217,193.59999999999997,1.0,344,1,True
218,-42.95000000000009,0.984375,500,9,False
219,208.8,1.0,271,0,True
220,176.4,1.0,441,2,True
221,188.39999999999992,1.0,382,2,True
222,191.60000000000002,1.0,312,6,True
223,-41.300000000000104,0.96875,500,4,False
224,-45.25000000000015,0.984375,500,17,False
225,175.89999999999998,1.0,477,0,True
226,200.59999999999994,1.0,325,12,True
227,191.6,1.0,359,7,True
228,194.70000000000002,1.0,331,5,True
229,187.39999999999995,1.0,347,7,True
230,207.09999999999994,1.0,309,2,True
231,217.89999999999992,1.0,248,4,True
232,179.89999999999995,1.0,388,1,True
233,166.4999999999999,1.0,480,17,True
234,-26.000000000000092,0.96875,500,16,False
235,212.49999999999994,1.0,267,1,True
236,216.29999999999993,1.0,238,2,True
237,186.69999999999996,1.0,364,9,True
238,-18.750000000000128,0.984375,500,2,False
239,-43.3500000000001,0.984375,500,20,False
240,172.3999999999999,1.0,472,9,True
241,198.5999999999999,1.0,342,1,True
242,-33.750000000000064,0.984375,500,8,False
243,175.29999999999995,1.0,429,6,True
244,216.89999999999998,1.0,235,0,True
245,-32.1500000000001,0.984375,500,6,False
246,216.09999999999985,1.0,275,0,True
247,192.29999999999984,1.0,422,2,True
248,207.09999999999994,1.0,315,1,True
249,190.79999999999998,1.0,329,4,True
250,186.29999999999995,1.0,383,5,True
251,210.69999999999993,1.0,294,0,True
252,215.99999999999994,1.0,215,10,True
253,-34.700000000000166,0.9375,500,0,False
254,200.7,1.0,296,6,True
255,-39.15000000000007,0.984375,500,13,False
256,-28.90000000000012,0.9375,500,7,False
257,176.3999999999999,1.0,466,10,True
258,230.6999999999999,1.0,184,0,True
259,-32.75000000000007,0.984375,500,8,False
260,207.3999999999999,1.0,303,10,True
261,213.29999999999993,1.0,261,0,True
262,-31.950000000000127,0.984375,500,2,False
263,167.79999999999995,1.0,491,6,True
264,181.60000000000002,1.0,438,10,True
265,205.29999999999998,1.0,246,1,True
266,219.59999999999994,1.0,223,0,True
267,217.99999999999986,1.0,260,2,True
268,-42.25000000000014,0.984375,500,10,False
269,215.29999999999993,1.0,236,3,True
270,-39.0500000000001,0.953125,500,8,False
271,179.49999999999991,1.0,426,5,True
272,194.69999999999993,1.0,379,6,True
273,215.79999999999984,1.0,277,5,True
274,187.29999999999995,1.0,363,2,True
275,216.99999999999994,1.0,234,1,True
276,190.1,1.0,332,8,True
277,188.79999999999993,1.0,376,8,True
278,189.4,1.0,365,6,True
279,-42.65000000000014,0.984375,500,9,False
280,213.69999999999987,1.0,291,1,True
281,192.29999999999995,1.0,381,1,True
282,-30.350000000000094,0.984375,500,3,False
283,-22.05000000000009,0.984375,500,4,False
284,-28.75000000000006,0.984375,500,6,False
285,222.59999999999994,1.0,208,2,True
286,176.9999999999999,1.0,448,11,True
287,-29.400000000000034,0.96875,500,6,False
288,-23.950000000000024,0.984375,500,6,False
289,221.5999999999999,1.0,238,0,True
290,218.0999999999999,1.0,232,1,True
291,-38.350000000000115,0.921875,500,10,False
292,-32.85000000000012,0.984375,500,7,False
293,182.89999999999992,1.0,478,11,True
294,188.9999999999999,1.0,444,9,True
295,-34.25000000000013,0.953125,500,8,False
296,200.39999999999998,1.0,298,4,True
297,-35.150000000000055,0.984375,500,9,False
298,-23.150000000000123,0.984375,500,6,False
299,218.89999999999992,1.0,254,1,True
300,-42.55000000000006,0.984375,500,25,False
301,189.79999999999998,1.0,422,0,True
302,198.4999999999999,1.0,326,13,True
303,191.39999999999998,1.0,338,5,True
304,198.99999999999986,1.0,389,6,True
305,219.44999999999993,1.0,250,1,True
306,180.1999999999999,1.0,459,9,True
307,-23.45000000000008,0.984375,500,3,False
308,187.7,1.0,350,4,True
309,218.39999999999992,1.0,216,0,True
310,-25.75000000000008,0.984375,500,3,False
311,199.49999999999983,1.0,392,7,True
312,174.19999999999987,1.0,454,6,True
313,211.79999999999987,1.0,296,8,True
314,187.19999999999987,1.0,413,6,True
315,217.19999999999987,1.0,252,0,True
316,-29.150000000000137,0.984375,500,6,False
317,195.69999999999987,1.0,373,2,True
318,-31.55000000000004,0.984375,500,10,False
319,207.79999999999993,1.0,304,1,True
320,224.59999999999985,1.0,246,2,True
321,217.19999999999987,1.0,275,4,True
322,-18.450000000000063,0.953125,500,2,False
323,203.20000000000002,1.0,289,2,True
324,188.99999999999991,1.0,409,3,True
325,-34.55000000000017,0.984375,500,8,False
326,203.49999999999997,1.0,279,8,True
327,-29.950000000000063,0.953125,500,13,False
328,-23.850000000000065,0.984375,500,8,False
329,-34.9000000000001,0.96875,500,15,False
330,194.59999999999994,1.0,382,3,True
331,191.39999999999992,1.0,415,6,True
332,207.19999999999993,1.0,314,2,True
333,-31.650000000000034,0.984375,500,5,False
334,-31.250000000000107,0.984375,500,21,False
335,193.4999999999999,1.0,400,17,True
336,176.99999999999994,1.0,474,3,True
337,212.29999999999987,1.0,301,2,True
338,210.39999999999992,1.0,285,0,True
339,205.7999999999999,1.0,371,4,True
340,215.99999999999977,1.0,305,3,True
341,210.49999999999991,1.0,301,3,True
342,179.9999999999999,1.0,495,4,True
343,217.5999999999998,1.0,289,1,True
344,215.89999999999992,1.0,250,3,True
345,188.29999999999998,1.0,396,6,True
346,215.79999999999995,1.0,245,0,True
347,206.1999999999999,1.0,321,3,True
348,195.59999999999985,1.0,383,9,True
349,205.59999999999997,1.0,304,1,True
350,-33.90000000000013,0.96875,500,9,False
351,216.1999999999999,1.0,265,8,True
352,-26.950000000000006,0.984375,500,7,False
353,189.69999999999993,1.0,437,2,True
354,-29.500000000000117,0.96875,500,1,False
355,184.74999999999997,1.0,415,10,True
356,206.09999999999985,1.0,327,1,True
357,166.09999999999997,1.0,455,7,True
358,197.19999999999987,1.0,362,2,True
359,220.9999999999999,1.0,239,5,True
360,-27.85000000000014,0.984375,500,7,False
361,212.79999999999995,1.0,268,0,True
362,185.79999999999993,1.0,353,0,True
363,232.69999999999993,1.0,168,3,True
364,226.8999999999999,1.0,216,1,True
365,198.29999999999998,1.0,280,8,True
366,220.99999999999986,1.0,254,4,True
367,-22.350000000000126,0.984375,500,11,False
368,193.8999999999999,1.0,391,4,True
369,202.0999999999999,1.0,320,1,True
370,215.99999999999986,1.0,300,2,True
371,179.1999999999999,1.0,435,9,True
372,-29.15000000000004,0.984375,500,1,False
373,195.1,1.0,334,12,True
374,222.49999999999983,1.0,251,0,True
375,203.3999999999999,1.0,357,3,True
376,185.1999999999999,1.0,460,10,True
377,201.7,1.0,299,2,True
378,185.54999999999993,1.0,447,8,True
379,193.29999999999995,1.0,398,8,True
380,193.59999999999988,1.0,435,8,True
381,219.29999999999984,1.0,242,0,True
382,187.49999999999986,1.0,450,7,True
383,198.50000000000003,1.0,338,2,True
384,180.89999999999992,1.0,468,2,True
385,215.0999999999998,1.0,307,8,True
386,-15.550000000000086,0.984375,500,6,False
387,233.4999999999999,1.0,164,0,True
388,177.99999999999991,1.0,462,5,True
389,-28.45000000000008,0.984375,500,14,False
390,207.0999999999999,1.0,334,3,True
391,-20.300000000000125,0.96875,500,9,False
392,-22.150000000000116,0.984375,500,8,False
393,212.4999999999999,1.0,311,7,True
394,-35.55000000000016,0.984375,500,13,False
395,-24.950000000000102,0.984375,500,8,False
396,-17.900000000000116,0.96875,500,11,False
397,177.1999999999999,1.0,479,3,True
398,179.29999999999984,1.0,493,6,True
399,193.09999999999997,1.0,401,1,True
400,195.5999999999999,1.0,385,6,True
401,181.69999999999993,1.0,455,7,True
402,-17.450000000000106,0.984375,500,6,False
403,196.29999999999998,1.0,343,11,True
404,232.39999999999992,1.0,174,2,True
405,221.79999999999987,1.0,235,4,True
406,218.0999999999999,1.0,238,5,True
407,209.8999999999998,1.0,340,8,True
408,213.09999999999994,1.0,266,1,True
409,195.89999999999992,1.0,393,3,True
410,-26.550000000000065,0.953125,500,4,False
411,-24.600000000000037,0.96875,500,7,False
412,233.2999999999999,1.0,179,3,True
413,183.7,1.0,471,5,True
414,215.6999999999999,1.0,276,0,True
415,193.9,1.0,349,6,True
416,182.9999999999999,1.0,448,4,True
417,-20.750000000000167,0.984375,500,5,False
418,-24.550000000000125,0.984375,500,14,False
419,203.49999999999991,1.0,352,5,True
420,224.29999999999987,1.0,231,4,True
421,230.69999999999982,1.0,217,4,True
422,-20.550000000000157,0.984375,500,8,False
423,200.6999999999999,1.0,365,3,True
424,-18.150000000000095,0.984375,500,3,False
425,217.69999999999987,1.0,262,3,True
426,-35.60000000000017,0.9375,500,4,False
427,218.5999999999999,1.0,238,4,True
428,-31.550000000000065,0.984375,500,13,False
429,-28.250000000000046,0.984375,500,4,False
430,-20.950000000000124,0.984375,500,18,False
431,215.69999999999987,1.0,284,5,True
432,-30.050000000000065,0.984375,500,4,False
433,208.99999999999991,1.0,303,3,True
434,197.5999999999998,1.0,411,4,True
435,-19.150000000000116,0.984375,500,9,False
436,217.69999999999982,1.0,270,5,True
437,196.49999999999991,1.0,356,1,True
438,-24.450000000000106,0.984375,500,17,False
439,212.4999999999998,1.0,321,2,True
440,197.49999999999983,1.0,416,4,True
441,-17.75000000000013,0.953125,500,9,False
442,209.79999999999987,1.0,315,4,True
443,-20.700000000000124,0.96875,500,5,False
444,-24.700000000000127,0.96875,500,8,False
445,202.8,1.0,354,6,True
446,234.7999999999998,1.0,198,0,True
447,187.3999999999999,1.0,398,13,True
448,176.59999999999988,1.0,479,7,True
449,239.89999999999995,1.0,134,7,True
450,207.39999999999995,1.0,294,11,True
451,-17.250000000000103,0.984375,500,8,False
452,212.2999999999998,1.0,344,1,True
453,197.5999999999999,1.0,339,2,True
454,200.0999999999999,1.0,328,3,True
455,-26.85000000000004,0.984375,500,5,False
456,-11.55000000000016,0.96875,500,6,False
457,187.19999999999996,1.0,418,4,True
458,201.49999999999994,1.0,359,3,True
459,201.69999999999985,1.0,387,7,True
460,181.2999999999999,1.0,470,15,True
461,221.19999999999985,1.0,249,10,True
462,207.4999999999999,1.0,303,2,True
463,-17.600000000000176,0.96875,500,9,False
464,-11.050000000000171,0.984375,500,4,False
465,-14.900000000000066,0.96875,500,5,False
466,210.49999999999997,1.0,245,0,True
467,-15.700000000000111,0.96875,500,6,False
468,210.39999999999995,1.0,277,3,True
469,-20.50000000000011,0.96875,500,7,False
470,192.39999999999992,1.0,461,10,True
471,-29.85,0.984375,500,0,False
472,196.59999999999988,1.0,454,9,True
473,-23.15000000000009,0.96875,500,8,False
474,211.49999999999974,1.0,359,4,True
475,-28.300000000000097,0.96875,500,7,False
476,200.69999999999987,1.0,391,9,True
477,185.99999999999986,1.0,465,2,True
478,-22.100000000000037,0.96875,500,7,False
479,199.09999999999997,1.0,336,4,True
480,-18.000000000000032,0.96875,500,6,False
481,-18.65000000000005,0.984375,500,4,False
482,-37.65000000000018,0.984375,500,5,False
483,-15.350000000000174,0.921875,500,14,False
484,190.99999999999997,1.0,352,8,True
485,-16.95000000000011,0.984375,500,10,False
486,211.59999999999985,1.0,310,2,True
487,192.0999999999999,1.0,405,2,True
488,216.39999999999986,1.0,285,3,True
489,-30.850000000000176,0.984375,500,7,False
490,181.09999999999988,1.0,405,11,True
491,200.09999999999988,1.0,376,5,True
492,196.79999999999993,1.0,327,2,True
493,-19.1500000000001,0.984375,500,10,False
494,224.09999999999988,1.0,244,0,True
495,198.2999999999998,1.0,438,5,True
496,-9.550000000000253,0.984375,500,13,False
497,200.89999999999986,1.0,412,2,True
498,-24.550000000000008,0.984375,500,6,False
499,209.0999999999999,1.0,307,3,True
500,-51.60000000000006,0.9375,500,4,False
501,188.3999999999998,1.0,433,1,True
502,-40.65000000000019,0.984375,500,1,False
503,-17.000000000000096,0.96875,500,15,False
504,184.6999999999999,1.0,404,1,True
505,-28.150000000000205,0.984375,500,8,False
506,216.64999999999972,1.0,313,4,True
507,194.69999999999987,1.0,392,7,True
508,184.20000000000002,1.0,342,1,True
509,232.59999999999985,1.0,201,0,True
510,-9.75000000000022,0.984375,500,4,False
511,186.69999999999993,1.0,426,11,True
512,197.3,1.0,304,3,True
513,-10.750000000000231,0.984375,500,2,False
514,-25.450000000000156,0.984375,500,0,False
515,-15.60000000000018,0.96875,500,4,False
516,-24.350000000000126,0.984375,500,4,False
517,-48.45000000000014,0.953125,500,0,False
518,218.09999999999988,1.0,244,7,True
519,225.4999999999998,1.0,266,0,True
520,194.5999999999998,1.0,476,8,True
521,221.3999999999998,1.0,259,7,True
522,219.69999999999987,1.0,248,3,True
523,187.70000000000005,1.0,383,3,True
524,231.5999999999999,1.0,180,1,True
525,-21.250000000000064,0.984375,500,0,False
526,206.69999999999993,1.0,323,0,True
527,196.79999999999987,1.0,440,3,True
528,-13.000000000000133,0.984375,500,0,False
529,187.79999999999978,1.0,451,5,True
530,-29.950000000000127,0.984375,500,10,False
531,185.09999999999982,1.0,416,3,True
532,-23.850000000000154,0.953125,500,6,False
533,197.19999999999982,1.0,447,1,True
534,-16.00000000000008,0.96875,500,12,False
535,194.8999999999998,1.0,434,1,True
536,210.39999999999984,1.0,320,8,True
537,-27.350000000000094,0.984375,500,14,False
538,-26.05000000000004,0.984375,500,2,False
539,-21.350000000000176,0.953125,500,6,False
540,-29.100000000000108,0.96875,500,4,False
541,221.69999999999987,1.0,244,0,True
542,236.49999999999986,1.0,178,0,True
543,-27.800000000000157,0.96875,500,0,False
544,-17.950000000000117,0.984375,500,19,False
545,195.29999999999987,1.0,435,4,True
546,235.9999999999999,1.0,192,0,True
547,209.79999999999984,1.0,331,4,True
548,-19.350000000000072,0.984375,500,4,False
549,-17.450000000000088,0.984375,500,5,False
550,207.39999999999992,1.0,323,0,True
551,195.60000000000002,1.0,337,2,True
552,-20.600000000000044,0.96875,500,11,False
553,-26.650000000000084,0.921875,500,12,False
554,-19.450000000000063,0.984375,500,19,False
555,216.3999999999998,1.0,308,5,True
556,-17.75000000000012,0.984375,500,11,False
557,-20.750000000000114,0.953125,500,10,False
558,225.59999999999988,1.0,194,3,True
559,179.39999999999986,1.0,474,6,True
560,-19.250000000000128,0.984375,500,16,False
561,-14.750000000000206,0.921875,500,3,False
562,-20.30000000000007,0.96875,500,8,False
563,-17.000000000000135,0.96875,500,4,False
564,190.89999999999972,1.0,499,6,True
565,-18.350000000000076,0.984375,500,12,False
566,-17.60000000000012,0.96875,500,3,False
567,-18.550000000000033,0.984375,500,3,False
568,226.89999999999986,1.0,225,9,True
569,189.29999999999998,1.0,385,1,True
570,-21.850000000000076,0.953125,500,4,False
571,202.19999999999987,1.0,374,3,True
572,-12.350000000000136,0.984375,500,7,False
573,238.3999999999999,1.0,169,0,True
574,209.40000000000003,1.0,251,1,True
575,202.49999999999974,1.0,439,5,True
576,-30.600000000000115,0.9375,500,8,False
577,-46.60000000000014,0.96875,500,1,False
578,194.59999999999988,1.0,429,11,True
579,231.99999999999983,1.0,222,4,True
580,218.59999999999974,1.0,313,2,True
581,-10.850000000000135,0.984375,500,8,False
582,201.59999999999982,1.0,395,5,True
583,-17.10000000000009,0.96875,500,12,False
584,-40.10000000000012,0.96875,500,2,False
585,195.59999999999988,1.0,415,0,True
586,183.7,1.0,443,10,True
587,206.99999999999986,1.0,319,2,True
588,209.1999999999998,1.0,365,5,True
589,-18.250000000000068,0.984375,500,5,False
590,228.5999999999999,1.0,201,3,True
591,207.39999999999984,1.0,355,10,True
592,-28.35000000000005,0.984375,500,17,False
593,-18.750000000000103,0.984375,500,11,False
594,-24.350000000000176,0.984375,500,4,False
595,209.6999999999999,1.0,298,4,True
596,-16.15000000000012,0.984375,500,3,False
597,-13.850000000000156,0.984375,500,3,False
598,-21.350000000000023,0.953125,500,3,False
599,197.59999999999994,1.0,366,5,True
600,-34.15000000000015,0.984375,500,13,False
601,-12.250000000000147,0.984375,500,10,False
602,180.79999999999978,1.0,492,18,True
603,-18.500000000000096,0.96875,500,19,False
604,-18.350000000000144,0.984375,500,13,False
605,-35.30000000000017,0.96875,500,10,False
606,-13.400000000000055,0.96875,500,4,False
607,-22.950000000000085,0.984375,500,1,False
608,-20.800000000000068,0.96875,500,2,False
609,195.2,1.0,343,5,True
610,219.89999999999984,1.0,286,0,True
611,-15.500000000000139,0.96875,500,15,False
612,206.29999999999998,1.0,223,2,True
613,215.89999999999986,1.0,270,4,True
614,235.29999999999984,1.0,208,0,True
615,-13.750000000000128,0.984375,500,2,False
616,212.2999999999999,1.0,287,11,True
617,215.39999999999978,1.0,297,4,True
618,220.7999999999997,1.0,310,7,True
619,201.49999999999983,1.0,410,5,True
620,214.49999999999983,1.0,293,0,True
621,-21.950000000000014,0.984375,500,13,False
622,212.59999999999974,1.0,369,3,True
623,169.6999999999999,1.0,452,0,True
624,201.6999999999999,1.0,337,0,True
625,232.19999999999987,1.0,202,1,True
626,221.19999999999973,1.0,297,1,True
627,188.39999999999998,1.0,413,3,True
628,199.3999999999998,1.0,388,2,True
629,208.89999999999975,1.0,367,9,True
630,196.89999999999978,1.0,455,9,True
631,184.59999999999994,1.0,416,16,True
632,212.0999999999999,1.0,277,3,True
633,190.69999999999987,1.0,471,16,True
634,-33.05000000000002,0.953125,500,11,False
635,194.89999999999986,1.0,386,8,True
636,-27.44999999999994,0.984375,500,1,False
637,-17.150000000000126,0.953125,500,2,False
638,226.79999999999993,1.0,188,3,True
639,211.99999999999983,1.0,296,6,True
640,-19.850000000000087,0.984375,500,15,False
641,-32.95000000000019,0.984375,500,0,False
642,200.89999999999978,1.0,376,8,True
643,216.49999999999974,1.0,321,2,True
644,-39.20000000000019,0.96875,500,0,False
645,-28.800000000000026,0.96875,500,9,False
646,-27.600000000000076,0.96875,500,9,False
647,200.44999999999993,1.0,368,0,True
648,203.5999999999998,1.0,408,9,True
649,201.49999999999994,1.0,345,5,True
650,-13.050000000000102,0.984375,500,5,False
651,204.8,1.0,282,0,True
652,-13.150000000000182,0.984375,500,10,False
653,-31.450000000000152,0.984375,500,0,False
654,-21.000000000000025,0.9375,500,9,False
655,-49.15000000000018,0.984375,500,7,False
656,198.19999999999985,1.0,418,7,True
657,211.99999999999986,1.0,290,4,True
658,185.6999999999999,1.0,471,21,True
659,235.49999999999994,1.0,135,0,True
660,200.39999999999986,1.0,416,4,True
661,192.2,1.0,273,3,True
662,-11.750000000000131,0.984375,500,6,False
663,145.89999999999986,1.0,400,34,True
664,205.59999999999988,1.0,312,6,True
665,188.60000000000005,1.0,445,4,True
666,-10.500000000000176,0.96875,500,3,False
667,-35.95000000000017,0.984375,500,14,False
668,-19.550000000000114,0.984375,500,7,False
669,-17.550000000000107,0.984375,500,4,False
670,216.19999999999985,1.0,288,2,True
671,-12.750000000000103,0.984375,500,5,False
672,186.39999999999992,1.0,455,6,True
673,-28.250000000000096,0.984375,500,17,False
674,-22.35000000000009,0.984375,500,13,False
675,200.69999999999987,1.0,351,3,True
676,-15.10000000000006,0.96875,500,6,False
677,-22.950000000000042,0.953125,500,5,False
678,-20.750000000000124,0.96875,500,19,False
679,-103.89999999999999,0.9375,500,0,False
680,174.10000000000002,1.0,460,3,True
681,-12.350000000000138,0.984375,500,0,False
682,223.89999999999984,1.0,251,1,True
683,172.99999999999994,1.0,420,1,True
684,193.29999999999978,1.0,488,0,True
685,-8.950000000000248,0.953125,500,4,False
686,-16.00000000000011,0.96875,500,11,False
687,208.84999999999982,1.0,365,3,True
688,203.59999999999997,1.0,329,0,True
689,200.09999999999977,1.0,429,0,True
690,-65.8500000000001,0.984375,500,5,False
691,215.7999999999999,1.0,254,6,True
692,-30.150000000000173,0.984375,500,3,False
693,168.09999999999988,1.0,488,0,True
694,189.90000000000006,1.0,389,2,True
695,199.69999999999996,1.0,348,3,True
696,-28.450000000000095,0.921875,500,11,False
697,-3.150000000000291,0.984375,500,5,False
698,224.99999999999977,1.0,257,7,True
699,207.19999999999985,1.0,328,9,True
700,-10.850000000000135,0.984375,500,5,False
701,195.29999999999987,1.0,425,3,True
702,216.69999999999985,1.0,285,0,True
703,-28.20000000000011,0.96875,500,5,False
704,-23.450000000000063,0.921875,500,4,False
705,-16.50000000000009,0.9375,500,4,False
706,235.99999999999991,1.0,154,1,True
707,201.4,1.0,359,5,True
708,-19.55000000000005,0.984375,500,4,False
709,-94.4000000000002,0.84375,500,0,False
710,-36.55000000000015,0.984375,500,2,False
711,199.39999999999984,1.0,456,8,True
712,-11.150000000000091,0.984375,500,1,False
713,196.29999999999995,1.0,379,6,True
714,-46.15000000000009,0.984375,500,7,False
715,191.69999999999996,1.0,378,0,True
716,-11.60000000000016,0.96875,500,6,False
717,-22.10000000000013,0.9375,500,10,False
718,198.19999999999993,1.0,408,7,True
719,210.5999999999998,1.0,328,3,True
720,-38.25000000000004,0.984375,500,17,False
721,-26.450000000000028,0.984375,500,9,False
722,-26.150000000000166,0.984375,500,0,False
723,-93.90000000000002,0.78125,500,0,False
724,-14.200000000000093,0.96875,500,8,False
725,-9.750000000000194,0.984375,500,3,False
726,193.7999999999999,1.0,449,11,True
727,-26.750000000000053,0.984375,500,6,False
728,-13.800000000000155,0.96875,500,16,False
729,-15.450000000000154,0.984375,500,5,False
730,-28.500000000000036,0.9375,500,12,False
731,-10.250000000000147,0.984375,500,11,False
732,-15.450000000000072,0.984375,500,7,False
733,-21.25000000000007,0.984375,500,6,False
734,179.09999999999994,1.0,471,1,True
735,186.99999999999997,1.0,449,8,True
736,-28.850000000000154,0.953125,500,21,False
737,-32.45000000000025,0.953125,500,2,False
738,-18.050000000000097,0.984375,500,12,False
739,-31.700000000000202,0.90625,500,18,False
740,-15.450000000000188,0.953125,500,11,False
741,-18.850000000000012,0.984375,500,4,False
742,-34.50000000000016,0.96875,500,7,False
743,-16.050000000000058,0.984375,500,3,False
744,172.29999999999984,1.0,479,6,True
745,-8.65000000000018,0.984375,500,2,False
746,-29.50000000000019,0.96875,500,13,False
747,-18.950000000000045,0.984375,500,0,False
748,173.0999999999999,1.0,491,10,True
749,-10.100000000000247,0.96875,500,16,False
750,-21.600000000000076,0.96875,500,4,False
751,205.5999999999998,1.0,409,5,True
752,-30.500000000000185,0.9375,500,5,False
753,-31.750000000000036,0.984375,500,5,False
754,-18.15000000000007,0.984375,500,6,False
755,-8.300000000000177,0.96875,500,1,False
756,-50.15000000000032,0.984375,500,0,False
757,-32.850000000000236,0.953125,500,6,False
758,-11.000000000000242,0.96875,500,19,False
759,208.59999999999982,1.0,349,9,True
760,190.10000000000002,1.0,460,17,True
761,-30.500000000000064,0.96875,500,12,False
762,-35.050000000000196,0.984375,500,1,False
763,212.09999999999994,1.0,257,0,True
764,-13.150000000000103,0.984375,500,1,False
765,1.1499999999997605,0.984375,500,0,False
766,195.1999999999999,1.0,379,1,True
767,-54.950000000000415,0.984375,500,35,False
768,-15.20000000000027,0.96875,500,8,False
769,-47.75000000000019,0.921875,500,0,False
770,182.99999999999991,1.0,477,3,True
771,-14.050000000000116,0.953125,500,11,False
772,-10.85000000000021,0.921875,500,9,False
773,-60.00000000000022,0.96875,500,1,False
774,195.60000000000002,1.0,330,0,True
775,-15.450000000000168,0.984375,500,12,False
776,-22.850000000000016,0.953125,500,4,False
777,-4.800000000000239,0.96875,500,1,False
778,210.4999999999998,1.0,335,2,True
779,-14.650000000000091,0.984375,500,6,False
780,-12.900000000000077,0.96875,500,6,False
781,-15.65000000000017,0.921875,500,2,False
782,-24.750000000000224,0.921875,500,7,False
783,212.1999999999998,1.0,322,3,True
784,-26.450000000000227,0.953125,500,0,False
785,-20.050000000000097,0.953125,500,4,False
786,-12.500000000000023,0.96875,500,7,False
787,-16.800000000000118,0.90625,500,4,False
788,-8.000000000000213,0.96875,500,8,False
789,227.8999999999999,1.0,194,1,True
790,183.39999999999992,1.0,437,4,True
791,185.20000000000002,1.0,499,0,True
792,-17.600000000000243,0.9375,500,17,False
793,-14.500000000000071,0.984375,500,9,False
794,195.60000000000002,1.0,286,3,True
795,194.89999999999998,1.0,420,10,True
796,-4.000000000000274,0.96875,500,7,False
797,-16.75000000000013,0.953125,500,14,False
798,223.69999999999976,1.0,297,1,True
799,167.0999999999999,1.0,470,6,True
800,-24.900000000000126,0.96875,500,12,False
801,-9.750000000000185,0.953125,500,2,False
802,-24.550000000000026,0.953125,500,13,False
803,0.9499999999996628,0.984375,500,2,False
804,-34.15000000000009,0.984375,500,7,False
805,-11.150000000000151,0.984375,500,2,False
806,-39.55000000000008,0.984375,500,12,False
807,-14.750000000000172,0.953125,500,5,False
808,-11.50000000000016,0.96875,500,12,False
809,-10.350000000000072,0.984375,500,7,False
810,-21.150000000000166,0.984375,500,4,False
811,-33.0500000000001,0.984375,500,17,False
812,191.69999999999982,1.0,480,13,True
813,231.54999999999984,1.0,223,2,True
814,-62.35000000000023,0.859375,500,29,False
815,-23.300000000000168,0.96875,500,4,False
816,-10.65000000000021,0.890625,500,2,False
817,-8.250000000000066,0.984375,500,0,False
818,168.79999999999995,1.0,474,6,True
819,-63.30000000000006,0.96875,500,3,False
820,-20.80000000000001,0.96875,500,2,False
821,-18.25000000000004,0.921875,500,3,False
822,-15.55000000000004,0.953125,500,7,False
823,-18.00000000000011,0.96875,500,8,False
824,-20.549999999999976,0.984375,500,2,False
825,-9.750000000000162,0.953125,500,6,False
826,-14.95000000000002,0.953125,500,10,False
827,-10.75000000000018,0.953125,500,9,False
828,-20.45000000000008,0.921875,500,12,False
829,-5.200000000000205,0.96875,500,7,False
830,-69.50000000000016,0.9375,500,5,False
831,-19.600000000000122,0.9375,500,17,False
832,221.49999999999983,1.0,263,1,True
833,-20.95000000000004,0.984375,500,4,False
834,-10.70000000000011,0.9375,500,8,False
835,-4.400000000000266,0.953125,500,5,False
836,178.70000000000002,1.0,435,0,True
837,-27.450000000000017,0.984375,500,0,False
838,-9.000000000000185,0.96875,500,8,False
839,-20.85000000000013,0.953125,500,5,False
840,-3.7000000000002284,0.90625,500,5,False
841,187.09999999999994,1.0,490,4,True
842,-44.05000000000001,0.921875,500,1,False
843,-51.45000000000002,0.984375,500,4,False
844,203.99999999999977,1.0,452,1,True
845,-21.90000000000018,0.96875,500,14,False
846,-13.000000000000105,0.96875,500,2,False
847,-4.550000000000245,0.984375,500,5,False
848,-15.550000000000159,0.921875,500,19,False
849,-12.500000000000075,0.9375,500,5,False
850,-7.900000000000222,0.875,500,4,False
851,-11.850000000000236,0.984375,500,1,False
852,-6.8000000000002085,0.96875,500,6,False
853,179.7,1.0,455,3,True
854,-15.950000000000026,0.984375,500,1,False
855,-36.00000000000011,0.9375,500,23,False
856,-14.000000000000165,0.96875,500,17,False
857,-23.000000000000036,0.875,500,8,False
858,-23.750000000000146,0.984375,500,4,False
859,-10.150000000000155,0.984375,500,14,False
860,239.0999999999999,1.0,156,0,True
861,211.5999999999999,1.0,305,1,True
862,-16.60000000000005,0.96875,500,7,False
863,-12.45000000000011,0.953125,500,3,False
864,-34.35000000000028,0.984375,500,13,False
865,-9.850000000000081,0.953125,500,5,False
866,-23.850000000000207,0.984375,500,3,False
867,-20.000000000000146,0.90625,500,10,False
868,-40.50000000000008,0.875,500,9,False
869,-28.550000000000164,0.890625,500,0,False
870,-14.400000000000153,0.875,500,13,False
871,-1.1500000000002277,0.96875,500,4,False
872,-7.40000000000011,0.96875,500,0,False
873,167.89999999999986,1.0,486,1,True
874,-23.90000000000003,0.96875,500,3,False
875,-11.150000000000174,0.921875,500,12,False
876,179.89999999999992,1.0,379,10,True
877,-21.650000000000134,0.921875,500,9,False
878,-55.7500000000003,0.890625,500,13,False
879,214.20000000000002,1.0,249,0,True
880,-31.85000000000021,0.953125,500,14,False
881,-32.65000000000011,0.984375,500,7,False
882,-2.7500000000002953,0.921875,500,5,False
883,-11.65000000000011,0.921875,500,1,False
884,-12.65000000000005,0.953125,500,10,False
885,-6.550000000000238,0.953125,500,4,False
886,-36.45000000000021,0.953125,500,11,False
887,-44.70000000000017,0.96875,500,4,False
888,-18.35000000000006,0.953125,500,9,False
889,-17.500000000000124,0.9375,500,7,False
890,-29.10000000000008,0.96875,500,9,False
891,-17.79999999999998,0.9375,500,2,False
892,-23.04999999999995,0.921875,500,18,False
893,-45.80000000000014,0.8125,500,0,False
894,-20.65,0.984375,500,11,False
895,-23.25000000000015,0.921875,500,11,False
896,-15.800000000000031,0.96875,500,3,False
897,-7.900000000000235,0.9375,500,10,False
898,-19.70000000000016,0.8125,500,28,False
899,-13.250000000000236,0.921875,500,8,False
900,-15.100000000000106,0.875,500,18,False
901,1.2999999999997298,0.96875,500,3,False
902,192.0999999999998,1.0,437,9,True
903,-13.450000000000152,0.890625,500,10,False
904,-5.700000000000204,0.96875,500,15,False
905,-64.15000000000009,0.890625,500,5,False
906,-23.250000000000142,0.921875,500,8,False
907,-17.80000000000012,0.96875,500,24,False
908,-15.950000000000118,0.890625,500,12,False
909,-25.4500000000001,0.953125,500,17,False
910,-20.450000000000053,0.953125,500,9,False
911,-28.650000000000283,0.953125,500,3,False
912,-3.8000000000002796,0.9375,500,9,False
913,-14.8,0.96875,500,1,False
914,-52.20000000000021,0.90625,500,0,False
915,-70.7499999999998,0.953125,500,4,False
916,-18.20000000000018,0.9375,500,35,False
917,-22.500000000000167,0.9375,500,13,False
918,-31.35000000000024,0.953125,500,3,False
919,-8.650000000000222,0.984375,500,8,False
920,-26.450000000000017,0.984375,500,27,False
921,-20.950000000000035,0.953125,500,0,False
922,-52.050000000000196,0.859375,500,5,False
923,-48.900000000000226,0.96875,500,11,False
924,-4.350000000000305,0.953125,500,8,False
925,-4.450000000000319,0.953125,500,8,False
926,208.19999999999982,1.0,385,17,True
927,223.89999999999975,1.0,287,1,True
928,-22.400000000000162,0.90625,500,11,False
929,-12.850000000000254,0.953125,500,10,False
930,-4.6500000000002695,0.984375,500,5,False
931,-12.500000000000284,0.9375,500,13,False
932,190.40000000000003,1.0,410,0,True
933,-28.90000000000023,0.9375,500,22,False
934,-0.7500000000002752,0.984375,500,4,False
935,-9.30000000000022,0.90625,500,8,False
936,-35.90000000000014,0.9375,500,16,False
937,-21.900000000000016,0.9375,500,5,False
938,177.29999999999995,1.0,491,2,True
939,-22.25000000000031,0.828125,500,18,False
940,-35.80000000000003,0.90625,500,3,False
941,-42.600000000000094,0.84375,500,12,False
942,-15.899999999999999,0.9375,500,20,False
943,-10.350000000000193,0.953125,500,2,False
944,-29.65000000000021,0.890625,500,4,False
945,-45.59999999999991,0.9375,500,1,False
946,-15.94999999999999,0.921875,500,9,False
947,-11.600000000000302,0.90625,500,9,False
948,-12.500000000000055,0.96875,500,2,False
949,198.10000000000002,1.0,422,3,True
950,-11.399999999999977,0.96875,500,7,False
951,-7.350000000000149,0.921875,500,17,False
952,-5.550000000000299,0.953125,500,0,False
953,-4.700000000000093,0.90625,500,2,False
954,-15.799999999999994,0.953125,500,14,False
955,-50.10000000000013,0.9375,500,3,False
956,-10.950000000000301,0.890625,500,4,False
957,-7.300000000000133,0.9375,500,0,False
958,183.39999999999998,1.0,450,3,True
959,-4.650000000000198,0.953125,500,7,False
960,-16.099999999999927,0.96875,500,3,False
961,-31.15000000000016,0.796875,500,7,False
962,-35.45000000000016,0.890625,500,4,False
963,-2.8985147615401274e-13,0.9375,500,0,False
964,-1.6500000000002346,0.890625,500,3,False
965,-6.900000000000193,0.9375,500,14,False
966,-23.050000000000022,0.953125,500,7,False
967,-16.30000000000011,0.90625,500,8,False
968,-33.4500000000003,0.953125,500,1,False
969,-17.45000000000009,0.984375,500,11,False
970,-20.750000000000224,0.921875,500,13,False
971,-8.000000000000075,0.96875,500,0,False
972,-22.100000000000012,0.9375,500,8,False
973,-9.25000000000017,0.859375,500,7,False
974,-4.700000000000228,0.96875,500,4,False
975,-30.200000000000124,0.90625,500,9,False
976,-36.55000000000005,0.828125,500,1,False
977,-11.600000000000138,0.9375,500,12,False
978,-3.0500000000003333,0.953125,500,14,False
979,-29.400000000000144,0.921875,500,6,False
980,-9.4000000000002,0.875,500,9,False
981,-34.05000000000007,0.828125,500,13,False
982,-27.700000000000163,0.9375,500,0,False
983,-16.300000000000015,0.9375,500,1,False
984,-16.450000000000077,0.890625,500,2,False
985,-18.799999999999983,0.9375,500,9,False
986,-9.300000000000146,0.9375,500,6,False
987,-14.949999999999983,0.921875,500,1,False
988,-40.90000000000028,0.84375,500,19,False
989,-9.80000000000029,0.9375,500,9,False
990,-25.850000000000062,0.921875,500,4,False
991,-26.8500000000001,0.984375,500,6,False
992,-15.350000000000062,0.953125,500,12,False
993,-12.600000000000176,0.84375,500,6,False
994,-23.100000000000282,0.875,500,18,False
995,-13.70000000000004,0.96875,500,3,False
996,-35.20000000000022,0.875,500,13,False
997,-17.249999999999957,0.921875,500,0,False
998,-38.750000000000306,0.953125,500,21,False
999,2.6499999999996904,0.984375,500,0,False
1000,-23.100000000000005,0.953125,500,5,False
1001,144.5999999999999,1.0,479,19,True
1002,-14.949999999999958,0.921875,500,5,False
1003,-21.850000000000122,0.796875,500,11,False
1004,-23.650000000000116,0.984375,500,18,False
1005,-21.450000000000173,0.953125,500,11,False
1006,-36.30000000000035,0.9375,500,6,False
1007,-8.100000000000149,0.9375,500,9,False
1008,-22.200000000000088,0.90625,500,8,False
1009,-33.100000000000115,0.90625,500,24,False
1010,0.7999999999996296,0.9375,500,3,False
1011,-94.65000000000029,0.828125,500,0,False
1012,-48.10000000000021,0.9375,500,3,False
1013,-41.30000000000015,0.90625,500,3,False
1014,-22.800000000000015,0.84375,500,0,False
1015,-46.800000000000345,0.9375,500,7,False
1016,-46.85000000000026,0.953125,500,33,False
1017,-37.45000000000023,0.921875,500,14,False
1018,-31.900000000000112,0.90625,500,18,False
1019,-7.600000000000094,0.96875,500,13,False
1020,-54.45000000000003,0.953125,500,21,False
1021,-65.5999999999998,0.90625,500,0,False
1022,-55.15000000000002,0.859375,500,0,False
1023,-28.450000000000056,0.953125,500,4,False
1024,-19.800000000000036,0.90625,500,13,False
1025,-42.35000000000019,0.984375,500,1,False
1026,-15.900000000000238,0.9375,500,1,False
1027,-21.250000000000245,0.953125,500,9,False
1028,-89.39999999999958,0.9375,500,0,False
1029,-29.050000000000104,0.859375,500,10,False
1030,-77.5,0.78125,500,0,False
1031,-59.85000000000026,0.859375,500,6,False
1032,-34.05000000000024,0.953125,500,7,False
1033,-50.60000000000049,0.9375,500,27,False
1034,-19.79999999999997,0.96875,500,1,False
1035,-35.30000000000014,0.96875,500,11,False
1036,-30.550000000000043,0.890625,500,10,False
1037,-44.250000000000334,0.984375,500,7,False
1038,-52.9000000000002,0.9375,500,5,False
1039,162.09999999999988,1.0,439,8,True
1040,-18.600000000000204,0.9375,500,0,False
1041,-19.59999999999999,0.9375,500,0,False
1042,-54.75000000000026,0.890625,500,2,False
1043,-20.399999999999977,0.90625,500,18,False
1044,-25.800000000000036,0.875,500,17,False
1045,-42.200000000000216,0.8125,500,0,False
1046,-40.100000000000215,0.90625,500,8,False
1047,-1.250000000000411,0.921875,500,11,False
1048,-26.60000000000003,0.84375,500,22,False
1049,-20.40000000000004,0.9375,500,8,False
1050,-7.900000000000052,0.90625,500,8,False
1051,-1.8500000000003336,0.921875,500,7,False
1052,-4.450000000000131,0.984375,500,3,False
1053,2.6999999999997772,0.9375,500,4,False
1054,-26.85000000000012,0.828125,500,16,False
1055,-80.24999999999933,0.953125,500,0,False
1056,-71.20000000000043,0.8125,500,0,False
1057,-109.09999999999985,0.75,500,6,False
1058,-61.00000000000031,0.75,500,34,False
1059,-24.350000000000012,0.921875,500,9,False
1060,-50.15000000000017,0.921875,500,8,False
1061,-32.800000000000274,0.875,500,37,False
1062,-47.80000000000017,0.90625,500,0,False
1063,-13.30000000000018,0.90625,500,0,False
1064,-25.95000000000001,0.828125,500,18,False
1065,-6.850000000000195,0.984375,500,3,False
1066,-9.25000000000022,0.890625,500,15,False
1067,-19.199999999999942,0.84375,500,3,False
1068,-70.99999999999972,0.9375,500,0,False
1069,-22.149999999999956,0.796875,500,12,False
1070,7.299999999999557,0.9375,500,0,False
1071,-47.50000000000014,0.875,500,1,False
1072,-13.199999999999925,0.90625,500,18,False
1073,-56.100000000000165,0.90625,500,6,False
1074,-21.050000000000313,0.828125,500,16,False
1075,-16.00000000000006,0.75,500,11,False
1076,-31.600000000000065,0.8125,500,20,False
1077,-15.200000000000163,0.78125,500,21,False
1078,-64.70000000000016,0.71875,500,0,False
1079,-10.100000000000023,0.9375,500,1,False
1080,-6.650000000000295,0.859375,500,12,False
1081,-39.30000000000026,0.71875,500,12,False
1082,-9.650000000000277,0.828125,500,0,False
1083,-38.65000000000024,0.859375,500,0,False
1084,-66.30000000000001,0.96875,500,19,False
1085,-26.800000000000125,0.78125,500,7,False
1086,-33.6000000000002,0.875,500,17,False
1087,-51.40000000000001,0.875,500,0,False
1088,-25.20000000000001,0.875,500,1,False
1089,-24.400000000000063,0.8125,500,8,False
1090,-48.700000000000344,0.78125,500,5,False
1091,-51.95000000000031,0.859375,500,2,False
1092,-42.40000000000009,0.71875,500,30,False
1093,-4.850000000000274,0.859375,500,0,False
1094,-77.7999999999997,0.9375,500,1,False
1095,-32.15000000000024,0.796875,500,6,False
1096,-25.350000000000083,0.890625,500,26,False
1097,-14.750000000000023,0.921875,500,1,False
1098,-22.050000000000203,0.828125,500,29,False
1099,-71.90000000000018,0.78125,500,0,False
1100,-35.700000000000216,0.90625,500,26,False
1101,-51.9500000000001,0.921875,500,0,False
1102,-43.10000000000022,0.96875,500,19,False
1103,-89.39999999999907,0.90625,500,0,False
1104,-61.400000000000176,0.75,500,10,False
1105,-41.10000000000025,0.84375,500,9,False
1106,-7.5500000000001455,0.796875,500,13,False
1107,-100.34999999999982,0.921875,500,0,False
1108,-29.450000000000102,0.859375,500,10,False
1109,-107.49999999999949,0.875,500,0,False
1110,-92.94999999999982,0.890625,500,0,False
1111,-22.90000000000001,0.9375,500,7,False
1112,-35.350000000000236,0.734375,500,8,False
1113,-55.550000000000296,0.953125,500,16,False
1114,-53.80000000000017,0.90625,500,16,False
1115,-55.6000000000003,0.84375,500,1,False
1116,-19.3500000000003,0.796875,500,18,False
1117,-46.69999999999996,0.90625,500,1,False
1118,-14.350000000000257,0.890625,500,24,False
1119,-25.55000000000024,0.765625,500,28,False
1120,-58.45000000000032,0.765625,500,12,False
1121,-12.150000000000198,0.796875,500,0,False
1122,-83.09999999999968,0.78125,500,0,False
1123,-40.650000000000105,0.953125,500,8,False
1124,-16.849999999999945,0.828125,500,0,False
1125,0.2999999999996561,0.84375,500,0,False
1126,-8.750000000000169,0.890625,500,8,False
1127,-9.900000000000118,0.78125,500,5,False
1128,-27.10000000000003,0.875,500,25,False
1129,-19.149999999999977,0.765625,500,0,False
1130,-19.300000000000207,0.75,500,0,False
1131,-38.05000000000024,0.890625,500,17,False
1132,-9.650000000000189,0.734375,500,0,False
1133,-10.450000000000008,0.953125,500,0,False
1134,-34.95000000000019,0.703125,500,6,False
1135,-23.10000000000015,0.84375,500,1,False
1136,-38.65000000000017,0.796875,500,9,False
1137,-125.94999999999955,0.765625,500,11,False
1138,-17.949999999999964,0.859375,500,20,False
1139,-89.54999999999932,0.828125,500,0,False
1140,-11.549999999999907,0.890625,500,0,False
1141,-31.45000000000006,0.859375,500,5,False
1142,-39.500000000000085,0.78125,500,0,False
1143,-11.750000000000089,0.671875,500,3,False
1144,-27.400000000000148,0.84375,500,12,False
1145,-64.25000000000021,0.765625,500,0,False
1146,-33.100000000000385,0.875,500,0,False
1147,-19.100000000000215,0.71875,500,1,False
1148,-41.350000000000044,0.890625,500,48,False
1149,-97.95000000000037,0.796875,500,0,False
1150,-86.54999999999977,0.734375,500,0,False
1151,-16.349999999999955,0.859375,500,3,False
1152,-20.20000000000002,0.84375,500,0,False
1153,-46.000000000000334,0.84375,500,0,False
1154,-66.79999999999995,0.84375,500,0,False
1155,-40.80000000000005,0.84375,500,0,False
1156,-8.500000000000245,0.8125,500,14,False
1157,-34.40000000000045,0.875,500,44,False
1158,-43.80000000000026,0.90625,500,4,False
1159,-12.550000000000145,0.734375,500,14,False
1160,-8.250000000000034,0.796875,500,3,False
1161,-75.09999999999962,0.78125,500,3,False
1162,-114.80000000000062,0.65625,500,2,False
1163,-56.40000000000031,0.6875,500,53,False
1164,-30.75000000000012,0.765625,500,4,False
1165,-33.150000000000354,0.859375,500,1,False
1166,-127.85000000000066,0.796875,500,0,False
1167,-29.10000000000017,0.8125,500,13,False
1168,-16.50000000000024,0.71875,500,16,False
1169,-24.900000000000357,0.625,500,9,False
1170,-39.95000000000018,0.828125,500,37,False
1171,-28.650000000000084,0.828125,500,1,False
1172,-32.65000000000016,0.765625,500,26,False
1173,-43.50000000000025,0.75,500,21,False
1174,-28.84999999999999,0.78125,500,22,False
1175,-10.950000000000017,0.671875,500,4,False
1176,-15.650000000000151,0.765625,500,15,False
1177,-25.400000000000034,0.71875,500,7,False
1178,-41.700000000000266,0.8125,500,22,False
1179,-15.950000000000088,0.671875,500,16,False
1180,-30.95000000000021,0.734375,500,10,False
1181,-12.549999999999983,0.796875,500,8,False
1182,-28.200000000000024,0.8125,500,9,False
1183,-31.19999999999995,0.84375,500,2,False
1184,-15.50000000000011,0.78125,500,6,False
1185,-38.20000000000034,0.71875,500,28,False
1186,-64.15000000000028,0.828125,500,0,False
1187,-31.100000000000197,0.78125,500,4,False
1188,-1.650000000000316,0.796875,500,0,False
1189,-14.150000000000219,0.640625,500,2,False
1190,-71.54999999999968,0.796875,500,0,False
1191,-94.30000000000037,0.6875,500,2,False
1192,-11.750000000000096,0.828125,500,2,False
1193,-3.5500000000003054,0.828125,500,9,False
1194,-38.15000000000033,0.921875,500,1,False
1195,-33.50000000000017,0.75,500,28,False
1196,-31.900000000000066,0.8125,500,0,False
1197,-49.900000000000055,0.8125,500,9,False
1198,-195.4500000000005,0.546875,500,0,False
1199,-34.75000000000031,0.703125,500,0,False
1200,-139.6999999999983,0.8125,500,137,False
1201,-53.700000000000294,0.84375,500,27,False
1202,-26.800000000000157,0.84375,500,2,False
1203,-24.40000000000009,0.8125,500,30,False
1204,-99.54999999999873,0.796875,500,18,False
1205,-38.50000000000038,0.78125,500,9,False
1206,-63.800000000000175,0.8125,500,8,False
1207,-17.65000000000023,0.796875,500,0,False
1208,-26.45000000000023,0.796875,500,9,False
1209,-10.80000000000032,0.75,500,16,False
1210,-16.15000000000001,0.796875,500,10,False
1211,-123.15000000000062,0.640625,500,2,False
1212,-140.05000000000067,0.734375,500,0,False
1213,-25.45000000000013,0.671875,500,20,False
1214,-94.85000000000011,0.640625,500,0,False
1215,-75.1499999999999,0.859375,500,14,False
1216,-60.600000000000115,0.8125,500,3,False
1217,-44.300000000000296,0.71875,500,39,False
1218,-45.30000000000015,0.78125,500,25,False
1219,-6.149999999999957,0.796875,500,3,False
1220,-19.45000000000001,0.828125,500,0,False
1221,-19.350000000000065,0.765625,500,14,False
1222,-11.349999999999916,0.828125,500,2,False
1223,-23.549999999999933,0.796875,500,13,False
1224,-43.55000000000014,0.765625,500,0,False
1225,-35.45000000000047,0.828125,500,0,False
1226,-25.950000000000152,0.671875,500,2,False
1227,-24.600000000000197,0.84375,500,8,False
1228,-51.25000000000033,0.765625,500,21,False
1229,-43.400000000000325,0.6875,500,45,False
1230,-12.900000000000205,0.75,500,9,False
1231,-57.599999999999945,0.71875,500,6,False
1232,-129.89999999999998,0.5625,500,0,False
1233,-8.650000000000125,0.734375,500,0,False
1234,-4.400000000000209,0.875,500,0,False
1235,-4.750000000000298,0.734375,500,2,False
1236,-57.9000000000004,0.84375,500,0,False
1237,-34.85000000000005,0.546875,500,24,False
1238,-30.65000000000007,0.828125,500,4,False
1239,-13.050000000000104,0.703125,500,7,False
1240,-41.75000000000035,0.671875,500,19,False
1241,-16.49999999999994,0.78125,500,0,False
1242,-22.200000000000188,0.625,500,20,False
1243,-15.249999999999982,0.765625,500,1,False
1244,-30.65000000000004,0.828125,500,14,False
1245,-191.90000000000018,0.75,500,0,False
1246,-89.34999999999933,0.703125,500,60,False
1247,-24.700000000000255,0.75,500,32,False
1248,-32.3500000000003,0.828125,500,17,False
1249,-40.65000000000029,0.609375,500,41,False
1250,-10.650000000000134,0.703125,500,4,False
1251,-45.65000000000028,0.828125,500,83,False
1252,-7.8000000000001855,0.78125,500,1,False
1253,-40.80000000000045,0.75,500,8,False
1254,-28.800000000000217,0.875,500,14,False
1255,-23.45000000000007,0.765625,500,9,False
1256,-61.40000000000041,0.875,500,1,False
1257,-41.700000000000486,0.75,500,18,False
1258,-19.800000000000008,0.75,500,16,False
1259,-34.65000000000014,0.796875,500,11,False
1260,-22.85000000000009,0.671875,500,30,False
1261,-29.50000000000019,0.828125,500,28,False
1262,-48.9500000000001,0.921875,500,0,False
1263,-62.500000000000384,0.625,500,18,False
1264,-22.50000000000019,0.6875,500,8,False
1265,-39.45000000000042,0.765625,500,7,False
1266,-52.500000000000306,0.8125,500,0,False
1267,-93.50000000000023,0.71875,500,0,False
1268,-37.100000000000094,0.8125,500,1,False
1269,-21.90000000000007,0.734375,500,12,False
1270,-26.3500000000002,0.890625,500,0,False
1271,-14.600000000000176,0.59375,500,3,False
1272,-142.05000000000106,0.640625,500,0,False
1273,-2.3000000000000216,0.875,500,0,False
1274,-37.750000000000085,0.859375,500,1,False
1275,-41.60000000000039,0.75,500,0,False
1276,-57.950000000000394,0.671875,500,0,False
1277,-7.250000000000283,0.734375,500,0,False
1278,-21.700000000000287,0.875,500,2,False
1279,-57.90000000000017,0.9375,500,2,False
1280,-13.700000000000312,0.8125,500,17,False
1281,-42.6499999999999,0.734375,500,1,False
1282,-107.74999999999945,0.890625,500,5,False
1283,-23.950000000000383,0.828125,500,26,False
1284,-14.550000000000018,0.671875,500,12,False
1285,-38.150000000000226,0.796875,500,3,False
1286,-47.000000000000284,0.8125,500,35,False
1287,-10.750000000000183,0.796875,500,10,False
1288,-39.45000000000018,0.734375,500,12,False
1289,-48.75000000000045,0.671875,500,0,False
1290,-17.700000000000248,0.78125,500,8,False
1291,-57.349999999999845,0.671875,500,16,False
1292,-40.25000000000048,0.703125,500,0,False
1293,-20.09999999999997,0.6875,500,8,False
1294,-28.40000000000019,0.78125,500,16,False
1295,-7.150000000000254,0.765625,500,0,False
1296,-81.29999999999895,0.875,500,16,False
1297,-24.400000000000098,0.65625,500,0,False
1298,-41.650000000000354,0.609375,500,0,False
1299,-13.900000000000285,0.90625,500,3,False
1300,-18.799999999999955,0.625,500,5,False
1301,-21.250000000000107,0.796875,500,0,False
1302,-7.000000000000158,0.84375,500,1,False
1303,-22.25000000000001,0.734375,500,26,False
1304,-63.5500000000004,0.640625,500,43,False
1305,-20.24999999999993,0.703125,500,6,False
1306,-22.600000000000197,0.84375,500,4,False
1307,-8.800000000000068,0.75,500,12,False
1308,-2.3500000000002097,0.828125,500,2,False
1309,-21.850000000000044,0.703125,500,0,False
1310,-30.00000000000017,0.78125,500,0,False
1311,-3.950000000000269,0.765625,500,0,False
1312,-39.14999999999999,0.609375,500,9,False
1313,-18.450000000000017,0.546875,500,3,False
1314,-22.649999999999924,0.703125,500,2,False
1315,-41.05000000000023,0.765625,500,18,False
1316,-14.849999999999941,0.890625,500,0,False
1317,-72.04999999999968,0.640625,500,0,False
1318,-62.15000000000011,0.609375,500,0,False
1319,-46.85000000000046,0.828125,500,16,False
1320,0.20000000000008197,0.8125,500,0,False
1321,-2.0500000000001872,0.890625,500,0,False
1322,-87.80000000000001,0.71875,500,0,False
1323,-278.49999999999875,0.4375,500,0,False
1324,-46.55000000000013,0.734375,500,1,False
1325,-1.1000000000000447,0.9375,500,2,False
1326,-48.60000000000014,0.65625,500,1,False
1327,-18.899999999999956,0.6875,500,8,False
1328,-16.19999999999997,0.8125,500,7,False
1329,-33.90000000000021,0.6875,500,6,False
1330,-70.24999999999989,0.796875,500,18,False
1331,-37.150000000000325,0.796875,500,0,False
1332,-31.299999999999926,0.71875,500,0,False
1333,-14.09999999999996,0.71875,500,10,False
1334,-36.40000000000021,0.75,500,8,False
1335,-45.900000000000446,0.5625,500,62,False
1336,-43.75000000000035,0.828125,500,4,False
1337,-14.000000000000133,0.8125,500,12,False
1338,-62.75000000000007,0.734375,500,0,False
1339,-36.35000000000026,0.734375,500,7,False
1340,-4.6000000000001435,0.78125,500,0,False
1341,-55.050000000000196,0.828125,500,23,False
1342,-11.050000000000164,0.703125,500,3,False
1343,-55.50000000000009,0.78125,500,0,False
1344,-28.90000000000013,0.8125,500,0,False
1345,-24.100000000000374,0.71875,500,0,False
1346,-8.550000000000148,0.734375,500,0,False
1347,-34.3500000000002,0.734375,500,0,False
1348,-11.100000000000161,0.6875,500,0,False
1349,-20.70000000000004,0.875,500,34,False
1350,-30.250000000000338,0.828125,500,0,False
1351,-27.500000000000277,0.8125,500,0,False
1352,-1.7000000000003184,0.78125,500,1,False
1353,-31.40000000000007,0.75,500,0,False
1354,-75.49999999999919,0.75,500,0,False
1355,-40.1000000000002,0.71875,500,18,False
1356,-22.300000000000082,0.625,500,5,False
1357,-50.00000000000021,0.78125,500,9,False
1358,-56.100000000000314,0.75,500,0,False
1359,-37.800000000000225,0.75,500,5,False
1360,-39.80000000000022,0.84375,500,42,False
1361,-56.80000000000024,0.84375,500,1,False
1362,-111.90000000000046,0.75,500,2,False
1363,-19.749999999999954,0.828125,500,0,False
1364,-55.7500000000002,0.890625,500,18,False
1365,-36.25000000000033,0.578125,500,22,False
1366,-64.30000000000007,0.8125,500,0,False
1367,-3.0000000000000164,0.78125,500,0,False
1368,-55.250000000000284,0.765625,500,0,False
1369,-128.85000000000068,0.734375,500,0,False
1370,-3.750000000000265,0.765625,500,6,False
1371,-2.900000000000137,0.78125,500,0,False
1372,-29.05000000000001,0.765625,500,32,False
1373,-11.549999999999978,0.828125,500,4,False
1374,-66.15,0.796875,500,1,False
1375,-0.15000000000031846,0.859375,500,0,False
1376,-30.750000000000345,0.921875,500,69,False
1377,-17.000000000000078,0.65625,500,3,False
1378,-5.500000000000386,0.84375,500,13,False
1379,-93.59999999999941,0.78125,500,0,False
1380,-36.90000000000018,0.71875,500,11,False
1381,-88.20000000000036,0.8125,500,1,False
1382,-10.349999999999996,0.890625,500,0,False
1383,-4.100000000000253,0.84375,500,2,False
1384,-1.1500000000003643,0.796875,500,0,False
1385,-110.60000000000062,0.65625,500,0,False
1386,-22.749999999999975,0.578125,500,15,False
1387,-28.300000000000153,0.6875,500,17,False
1388,-66.59999999999943,0.875,500,0,False
1389,-35.90000000000019,0.78125,500,13,False
1390,-33.050000000000274,0.859375,500,5,False
1391,-21.65000000000012,0.734375,500,0,False
1392,-71.3499999999997,0.859375,500,1,False
1393,-16.249999999999947,0.828125,500,1,False
1394,-29.1000000000003,0.8125,500,28,False
1395,-39.10000000000041,0.84375,500,0,False
1396,-36.000000000000036,0.75,500,23,False
1397,-52.10000000000028,0.75,500,11,False
1398,-101.39999999999958,0.875,500,5,False
1399,-185.74999999999986,0.546875,500,0,False
1400,-37.30000000000031,0.90625,500,3,False
1401,-52.35000000000031,0.703125,500,18,False
1402,-12.050000000000091,0.890625,500,32,False
1403,-77.45000000000006,0.765625,500,3,False
1404,-66.35000000000014,0.828125,500,21,False
1405,-12.200000000000284,0.765625,500,22,False
1406,-11.50000000000001,0.84375,500,0,False
1407,-28.70000000000018,0.875,500,0,False
1408,-29.200000000000166,0.71875,500,1,False
1409,-14.399999999999977,0.6875,500,9,False
1410,-121.44999999999933,0.609375,500,0,False
1411,-134.6499999999998,0.765625,500,88,False
1412,-96.35000000000026,0.828125,500,1,False
1413,-17.85000000000009,0.859375,500,0,False
1414,-29.750000000000096,0.734375,500,0,False
1415,-94.40000000000033,0.6875,500,9,False
1416,-50.25000000000053,0.578125,500,21,False
1417,-17.05000000000008,0.796875,500,0,False
1418,-93.60000000000029,0.78125,500,1,False
1419,-3.600000000000124,0.75,500,1,False
1420,-106.9,0.6875,500,1,False
1421,-79.94999999999854,0.828125,500,20,False
1422,-30.100000000000193,0.71875,500,5,False
1423,-40.050000000000075,0.765625,500,14,False
1424,-37.50000000000001,0.78125,500,3,False
1425,-40.05000000000034,0.796875,500,1,False
1426,-21.150000000000347,0.953125,500,0,False
1427,-84.24999999999964,0.796875,500,2,False
1428,-146.80000000000032,0.625,500,0,False
1429,-16.50000000000008,0.625,500,7,False
1430,-40.65000000000018,0.796875,500,0,False
1431,-11.100000000000165,0.78125,500,8,False
1432,-44.4500000000002,0.765625,500,0,False
1433,-42.950000000000244,0.765625,500,5,False
1434,-69.15000000000009,0.859375,500,3,False
1435,-44.25000000000017,0.609375,500,19,False
1436,-12.099999999999913,0.84375,500,3,False
1437,-71.24999999999946,0.765625,500,3,False
1438,-28.850000000000293,0.859375,500,2,False
1439,-80.1,0.6875,500,1,False
1440,0.09999999999966319,0.84375,500,0,False
1441,-95.00000000000037,0.78125,500,21,False
1442,-4.650000000000223,0.765625,500,5,False
1443,-172.50000000000114,0.6875,500,1,False
1444,-180.10000000000073,0.65625,500,31,False
1445,-24.2499999999999,0.671875,500,0,False
1446,-24.250000000000153,0.859375,500,0,False
1447,-105.60000000000034,0.8125,500,0,False
1448,-45.75000000000035,0.921875,500,8,False
1449,-27.15000000000005,0.765625,500,8,False
1450,-76.60000000000011,0.84375,500,4,False
1451,-5.3499999999999055,0.734375,500,0,False
1452,-140.05000000000078,0.671875,500,0,False
1453,-40.70000000000031,0.5625,500,13,False
1454,-77.49999999999935,0.8125,500,0,False
1455,-33.10000000000043,0.84375,500,40,False
1456,-11.10000000000012,0.71875,500,11,False
1457,-125.35000000000036,0.890625,500,13,False
1458,-53.55000000000011,0.765625,500,41,False
1459,-25.95000000000008,0.734375,500,38,False
1460,-5.500000000000118,0.90625,500,0,False
1461,-72.45000000000023,0.859375,500,0,False
1462,-16.19999999999996,0.78125,500,0,False
1463,-19.05000000000004,0.671875,500,4,False
1464,-22.650000000000407,0.828125,500,0,False
1465,1.999999999999622,0.8125,500,0,False
1466,3.5999999999995684,0.875,500,5,False
1467,-16.700000000000188,0.75,500,0,False
1468,-23.10000000000028,0.78125,500,46,False
1469,-35.600000000000236,0.75,500,32,False
1470,-105.90000000000052,0.78125,500,0,False
1471,-34.10000000000021,0.875,500,0,False
1472,-6.850000000000131,0.796875,500,0,False
1473,-38.85000000000041,0.765625,500,0,False
1474,-110.0500000000005,0.671875,500,0,False
1475,-45.65000000000042,0.703125,500,0,False
1476,-56.250000000000206,0.765625,500,0,False
1477,-32.05000000000024,0.796875,500,9,False
1478,-0.7000000000000601,0.875,500,2,False
1479,-147.00000000000065,0.625,500,2,False
1480,-32.20000000000002,0.90625,500,2,False
1481,-22.10000000000014,0.65625,500,20,False
1482,-30.95000000000033,0.671875,500,0,False
1483,-29.550000000000118,0.796875,500,16,False
1484,-5.350000000000258,0.734375,500,0,False
1485,-2.1500000000000656,0.890625,500,0,False
1486,-5.100000000000315,0.75,500,5,False
1487,-38.750000000000234,0.828125,500,5,False
1488,-14.40000000000023,0.78125,500,13,False
1489,-22.000000000000004,0.71875,500,0,False
1490,-78.90000000000015,0.65625,500,21,False
1491,-0.8000000000003705,0.78125,500,0,False
1492,-132.15000000000063,0.734375,500,1,False
1493,-7.500000000000071,0.6875,500,0,False
1494,-49.250000000000014,0.796875,500,0,False
1495,-22.95000000000013,0.765625,500,3,False
1496,-19.199999999999942,0.78125,500,0,False
1497,-247.00000000000017,0.59375,500,58,False
1498,-28.000000000000203,0.8125,500,0,False
1499,-283.69999999999834,0.53125,500,0,False
1500,-12.000000000000089,0.78125,500,0,False
1501,-51.350000000000215,0.828125,500,12,False
1502,-4.300000000000267,0.78125,500,7,False
1503,-43.600000000000335,0.875,500,17,False
1504,-18.550000000000114,0.703125,500,19,False
1505,-175.6000000000014,0.5625,500,0,False
1506,-12.20000000000005,0.75,500,3,False
1507,-9.100000000000279,0.78125,500,12,False
1508,-22.6000000000002,0.6875,500,16,False
1509,-32.55000000000018,0.703125,500,15,False
1510,-49.20000000000029,0.78125,500,0,False
1511,-32.00000000000006,0.78125,500,16,False
1512,-66.9999999999999,0.84375,500,8,False
1513,-16.299999999999944,0.84375,500,0,False
1514,-71.49999999999957,0.84375,500,0,False
1515,-61.00000000000047,0.65625,500,42,False
1516,-25.300000000000132,0.75,500,16,False
1517,-32.399999999999984,0.65625,500,3,False
1518,-41.800000000000345,0.5625,500,40,False
1519,-14.449999999999916,0.703125,500,6,False
1520,-194.85000000000056,0.671875,500,19,False
1521,-13.400000000000096,0.8125,500,1,False
1522,-55.75000000000037,0.703125,500,9,False
1523,-6.3000000000003125,0.78125,500,10,False
1524,-83.54999999999964,0.734375,500,0,False
1525,-69.79999999999963,0.6875,500,7,False
1526,-29.70000000000009,0.71875,500,9,False
1527,-12.050000000000196,0.828125,500,22,False
1528,-75.59999999999927,0.6875,500,1,False
1529,-56.65000000000027,0.578125,500,29,False
1530,-43.60000000000012,0.65625,500,1,False
1531,-22.250000000000174,0.765625,500,15,False
1532,-30.70000000000015,0.78125,500,26,False
1533,-16.0500000000001,0.859375,500,5,False
1534,-37.60000000000018,0.734375,500,39,False
1535,-33.600000000000165,0.78125,500,0,False
1536,-19.39999999999999,0.6875,500,0,False
1537,-55.200000000000365,0.65625,500,13,False
1538,-105.1499999999992,0.640625,500,7,False
1539,-57.30000000000048,0.75,500,84,False
1540,-63.750000000000206,0.734375,500,0,False
1541,-0.350000000000223,0.796875,500,0,False
1542,-24.400000000000198,0.6875,500,0,False
1543,-12.250000000000103,0.671875,500,1,False
1544,-77.74999999999928,0.890625,500,9,False
1545,-21.30000000000005,0.75,500,11,False
1546,-14.2000000000002,0.75,500,22,False
1547,-16.000000000000018,0.875,500,0,False
1548,-0.500000000000324,0.8125,500,1,False
1549,-13.549999999999939,0.796875,500,0,False
1550,-48.400000000000354,0.8125,500,0,False
1551,-7.9500000000001725,0.859375,500,7,False
1552,-47.600000000000534,0.6875,500,1,False
1553,-25.000000000000057,0.71875,500,24,False
1554,-17.199999999999946,0.75,500,3,False
1555,-31.350000000000172,0.765625,500,11,False
1556,-73.54999999999974,0.890625,500,0,False
1557,-26.500000000000014,0.75,500,24,False
1558,-159.50000000000094,0.5,500,1,False
1559,-27.550000000000313,0.859375,500,0,False
1560,3.9499999999996436,0.859375,500,0,False
1561,-18.750000000000394,0.890625,500,0,False
1562,-14.800000000000018,0.65625,500,10,False
1563,-26.250000000000107,0.734375,500,11,False
1564,-4.900000000000251,0.734375,500,0,False
1565,-17.09999999999992,0.71875,500,7,False
1566,-7.900000000000074,0.78125,500,4,False
1567,-36.55000000000038,0.6875,500,19,False
1568,-31.35000000000019,0.859375,500,9,False
1569,-23.450000000000035,0.859375,500,10,False
1570,-20.350000000000218,0.796875,500,18,False
1571,-144.2000000000003,0.625,500,11,False
1572,-51.500000000000284,0.71875,500,0,False
1573,-60.400000000000276,0.71875,500,41,False
1574,-35.400000000000276,0.6875,500,2,False
1575,-2.100000000000347,0.8125,500,7,False
1576,-33.950000000000024,0.734375,500,2,False
1577,-62.4500000000004,0.671875,500,0,False
1578,-46.30000000000036,0.65625,500,1,False
1579,-23.000000000000323,0.65625,500,28,False
1580,-18.34999999999994,0.609375,500,1,False
1581,-26.250000000000174,0.828125,500,12,False
1582,-34.05000000000019,0.734375,500,3,False
1583,-43.40000000000041,0.8125,500,0,False
1584,-25.400000000000112,0.78125,500,9,False
1585,-58.2000000000003,0.84375,500,26,False
1586,-73.95000000000036,0.703125,500,0,False
1587,-72.5000000000002,0.890625,500,7,False
1588,-44.800000000000345,0.78125,500,26,False
1589,-125.14999999999903,0.859375,500,28,False
1590,-59.85000000000034,0.734375,500,0,False
1591,-20.549999999999983,0.734375,500,4,False
1592,-31.00000000000014,0.75,500,0,False
1593,-87.50000000000018,0.78125,500,0,False
1594,-26.95000000000015,0.828125,500,0,False
1595,-29.750000000000266,0.546875,500,22,False
1596,-43.75000000000019,0.890625,500,1,False
1597,-106.05000000000024,0.734375,500,0,False
1598,-60.55000000000002,0.765625,500,0,False
1599,-57.900000000000446,0.625,500,37,False
1600,-43.6500000000003,0.703125,500,9,False
1601,-18.150000000000187,0.796875,500,32,False
1602,-45.10000000000036,0.8125,500,1,False
1603,-122.05000000000028,0.859375,500,0,False
1604,-134.94999999999965,0.828125,500,17,False
1605,-71.8500000000003,0.765625,500,0,False
1606,-21.300000000000242,0.75,500,32,False
1607,-25.400000000000137,0.65625,500,10,False
1608,-23.80000000000005,0.625,500,6,False
1609,-46.85000000000032,0.546875,500,28,False
1610,-20.15000000000014,0.640625,500,7,False
1611,-7.100000000000262,0.75,500,3,False
1612,-19.150000000000144,0.71875,500,1,False
1613,0.3999999999998328,0.8125,500,3,False
1614,-29.000000000000224,0.65625,500,0,False
1615,-14.499999999999991,0.65625,500,11,False
1616,-5.200000000000262,0.8125,500,0,False
1617,-17.99999999999996,0.71875,500,1,False
1618,-38.30000000000013,0.59375,500,26,False
1619,-5.400000000000054,0.71875,500,0,False
1620,-71.49999999999986,0.5625,500,44,False
1621,-51.100000000000286,0.84375,500,0,False
1622,-26.750000000000124,0.734375,500,2,False
1623,-14.400000000000027,0.640625,500,7,False
1624,-11.050000000000148,0.765625,500,10,False
1625,-17.15000000000011,0.671875,500,18,False
1626,-113.99999999999957,0.6875,500,25,False
1627,-48.800000000000246,0.8125,500,0,False
1628,-78.24999999999923,0.734375,500,0,False
1629,-13.000000000000114,0.75,500,19,False
1630,-9.900000000000158,0.875,500,0,False
1631,-6.650000000000288,0.703125,500,2,False
1632,-77.84999999999907,0.859375,500,0,False
1633,-29.850000000000133,0.609375,500,5,False
1634,-40.10000000000029,0.84375,500,3,False
1635,-16.40000000000024,0.78125,500,15,False
1636,-17.64999999999992,0.671875,500,5,False
1637,-22.700000000000063,0.65625,500,7,False
1638,-21.500000000000345,0.84375,500,3,False
1639,-31.100000000000204,0.84375,500,1,False
1640,-13.350000000000186,0.765625,500,15,False
1641,-20.049999999999947,0.765625,500,0,False
1642,-44.550000000000026,0.609375,500,0,False
1643,-21.149999999999977,0.828125,500,28,False
1644,-21.300000000000153,0.6875,500,3,False
1645,-6.300000000000101,0.75,500,2,False
1646,-58.300000000000416,0.6875,500,103,False
1647,-34.0000000000002,0.71875,500,8,False
1648,-131.45000000000078,0.640625,500,8,False
1649,-45.95000000000037,0.765625,500,0,False
1650,-53.300000000000416,0.75,500,12,False
1651,-48.650000000000134,0.703125,500,26,False
1652,-3.5500000000002374,0.859375,500,0,False
1653,-63.40000000000026,0.75,500,7,False
1654,-50.350000000000094,0.640625,500,2,False
1655,-57.60000000000021,0.78125,500,14,False
1656,-171.40000000000003,0.75,500,0,False
1657,-21.80000000000028,0.6875,500,0,False
1658,-91.19999999999936,0.75,500,32,False
1659,-16.75,0.734375,500,11,False
1660,-57.3000000000002,0.78125,500,18,False
1661,-14.100000000000344,0.84375,500,1,False
1662,-42.40000000000037,0.59375,500,33,False
1663,-19.000000000000114,0.75,500,17,False
1664,-4.4500000000001405,0.796875,500,10,False
1665,-2.900000000000283,0.78125,500,2,False
1666,-47.850000000000406,0.828125,500,4,False
1667,-41.50000000000024,0.75,500,2,False
1668,-34.70000000000021,0.65625,500,11,False
1669,-71.24999999999979,0.765625,500,0,False
1670,-18.49999999999996,0.78125,500,0,False
1671,-18.650000000000368,0.890625,500,0,False
1672,-92.35000000000014,0.703125,500,0,False
1673,-137.0000000000009,0.6875,500,0,False
1674,-20.750000000000018,0.640625,500,0,False
1675,-20.850000000000367,0.796875,500,37,False
1676,-57.00000000000061,0.625,500,0,False
1677,-132.25000000000074,0.734375,500,0,False
1678,-159.35000000000062,0.578125,500,45,False
1679,-14.450000000000156,0.640625,500,3,False
1680,-22.550000000000004,0.703125,500,2,False
1681,-74.90000000000005,0.84375,500,0,False
1682,-95.6000000000003,0.625,500,34,False
1683,-10.150000000000135,0.671875,500,4,False
1684,-53.800000000000225,0.71875,500,1,False
1685,-17.749999999999975,0.578125,500,6,False
1686,-4.600000000000341,0.8125,500,12,False
1687,-50.10000000000044,0.65625,500,0,False
1688,-30.45000000000006,0.671875,500,21,False
1689,-26.30000000000034,0.625,500,30,False
1690,-26.700000000000024,0.71875,500,15,False
1691,-17.40000000000031,0.78125,500,33,False
1692,-44.3000000000001,0.75,500,43,False
1693,-113.59999999999982,0.71875,500,0,False
1694,-25.050000000000242,0.546875,500,17,False
1695,-3.1000000000002177,0.75,500,1,False
1696,-42.15000000000005,0.765625,500,0,False
1697,-20.600000000000293,0.71875,500,0,False
1698,-30.500000000000213,0.6875,500,22,False
1699,-24.45000000000038,0.640625,500,30,False
1700,-52.800000000000146,0.78125,500,5,False
1701,-0.45000000000034246,0.796875,500,0,False
1702,-45.45000000000032,0.859375,500,0,False
1703,-26.150000000000123,0.765625,500,2,False
1704,-13.54999999999999,0.828125,500,6,False
1705,-46.00000000000009,0.75,500,8,False
1706,-56.850000000000314,0.734375,500,8,False
1707,-31.65000000000015,0.765625,500,3,False
1708,-55.35000000000028,0.671875,500,1,False
1709,-79.04999999999887,0.8125,500,7,False
1710,-25.600000000000144,0.9375,500,0,False
1711,-30.900000000000198,0.8125,500,0,False
1712,-17.500000000000085,0.75,500,25,False
1713,-25.600000000000087,0.75,500,30,False
1714,-61.80000000000036,0.65625,500,0,False
1715,-11.050000000000027,0.828125,500,0,False
1716,-37.50000000000008,0.6875,500,46,False
1717,-60.85000000000007,0.6875,500,28,False
1718,-67.20000000000014,0.84375,500,0,False
1719,-132.09999999999965,0.578125,500,34,False
1720,-31.700000000000145,0.46875,500,0,False
1721,-12.95000000000025,0.640625,500,6,False
1722,-49.80000000000049,0.71875,500,10,False
1723,-78.39999999999927,0.84375,500,27,False
1724,-26.600000000000144,0.78125,500,0,False
1725,-71.30000000000017,0.875,500,0,False
1726,-31.650000000000173,0.703125,500,2,False
1727,-3.9500000000001823,0.890625,500,0,False
1728,-16.149999999999952,0.734375,500,6,False
1729,-10.500000000000194,0.6875,500,5,False
1730,-34.19999999999993,0.8125,500,0,False
1731,-25.65000000000012,0.765625,500,0,False
1732,-9.100000000000062,0.8125,500,1,False
1733,-18.150000000000137,0.703125,500,17,False
1734,-19.250000000000302,0.734375,500,23,False
1735,-24.750000000000167,0.609375,500,25,False
1736,-58.30000000000005,0.6875,500,18,False
1737,-15.849999999999978,0.703125,500,0,False
1738,-12.499999999999991,0.625,500,1,False
1739,-15.399999999999979,0.8125,500,12,False
1740,-59.9500000000002,0.796875,500,0,False
1741,-5.550000000000007,0.703125,500,0,False
1742,-32.05,0.734375,500,17,False
1743,-43.25000000000034,0.515625,500,43,False
1744,-5.7000000000000215,0.875,500,0,False
1745,-97.25000000000003,0.796875,500,0,False
1746,-21.650000000000006,0.828125,500,4,False
1747,-28.300000000000338,0.625,500,31,False
1748,-41.450000000000195,0.671875,500,34,False
1749,-84.9499999999997,0.796875,500,19,False
1750,-45.45000000000025,0.765625,500,0,False
1751,-9.749999999999924,0.703125,500,8,False
1752,-33.800000000000175,0.53125,500,19,False
1753,-23.550000000000068,0.703125,500,0,False
1754,-68.24999999999987,0.703125,500,38,False
1755,-12.25000000000005,0.671875,500,2,False
1756,-16.65000000000028,0.765625,500,30,False
1757,-11.900000000000153,0.71875,500,14,False
1758,-10.850000000000172,0.734375,500,1,False
1759,-45.55000000000021,0.734375,500,31,False
1760,-24.90000000000006,0.796875,500,31,False
1761,-20.65,0.671875,500,17,False
1762,-10.500000000000176,0.84375,500,0,False
1763,-9.200000000000056,0.78125,500,0,False
1764,-49.45000000000032,0.828125,500,5,False
1765,-5.800000000000307,0.75,500,1,False
1766,-39.500000000000306,0.84375,500,1,False
1767,-2.7999999999999376,0.78125,500,3,False
1768,-18.050000000000292,0.796875,500,37,False
1769,-147.55000000000086,0.609375,500,0,False
1770,-20.699999999999907,0.8125,500,1,False
1771,-34.10000000000008,0.59375,500,0,False
1772,0.8499999999997769,0.890625,500,3,False
1773,-40.10000000000021,0.4375,500,33,False
1774,-213.7999999999991,0.65625,500,0,False
1775,-28.900000000000283,0.65625,500,2,False
1776,-28.950000000000124,0.765625,500,5,False
1777,-35.50000000000028,0.8125,500,0,False
1778,-31.15000000000037,0.765625,500,17,False
1779,-24.050000000000292,0.765625,500,29,False
1780,-56.90000000000003,0.625,500,15,False
1781,-27.500000000000288,0.78125,500,20,False
1782,-11.700000000000008,0.84375,500,0,False
1783,-13.299999999999981,0.78125,500,3,False
1784,-30.05000000000016,0.703125,500,7,False
1785,-35.250000000000156,0.671875,500,11,False
1786,-41.75000000000029,0.859375,500,3,False
1787,-18.850000000000037,0.703125,500,26,False
1788,-71.6500000000001,0.765625,500,13,False
1789,-66.15000000000016,0.703125,500,39,False
1790,-60.25000000000027,0.859375,500,17,False
1791,-78.09999999999964,0.75,500,0,False
1792,-25.450000000000173,0.671875,500,8,False
1793,-9.300000000000047,0.84375,500,1,False
1794,-82.14999999999952,0.828125,500,0,False
1795,-57.500000000000306,0.75,500,53,False
1796,-111.05000000000061,0.734375,500,0,False
1797,-18.049999999999997,0.703125,500,12,False
1798,-18.599999999999984,0.71875,500,0,False
1799,-17.100000000000144,0.75,500,23,False
1800,-14.949999999999926,0.734375,500,6,False
1801,-12.850000000000149,0.671875,500,10,False
1802,-81.79999999999896,0.75,500,0,False
1803,-29.60000000000007,0.6875,500,15,False
1804,-24.150000000000148,0.765625,500,28,False
1805,-20.10000000000021,0.78125,500,40,False
1806,-74.95000000000019,0.703125,500,0,False
1807,-24.3500000000001,0.609375,500,24,False
1808,-25.100000000000197,0.8125,500,13,False
1809,-106.29999999999963,0.625,500,7,False
1810,-12.00000000000019,0.6875,500,3,False
1811,-36.20000000000046,0.65625,500,48,False
1812,-29.900000000000155,0.65625,500,21,False
1813,-12.050000000000033,0.796875,500,6,False
1814,-29.200000000000234,0.6875,500,0,False
1815,-111.95000000000047,0.765625,500,1,False
1816,-23.600000000000183,0.78125,500,1,False
1817,-45.10000000000006,0.78125,500,0,False
1818,-46.10000000000043,0.78125,500,32,False
1819,-137.30000000000075,0.5625,500,0,False
1820,-30.70000000000029,0.5625,500,30,False
1821,-117.15000000000083,0.546875,500,20,False
1822,-158.29999999999882,0.5625,500,2,False
1823,-94.84999999999968,0.671875,500,0,False
1824,-17.349999999999934,0.765625,500,5,False
1825,-13.200000000000179,0.65625,500,8,False
1826,-32.850000000000165,0.796875,500,9,False
1827,-257.89999999999867,0.625,500,0,False
1828,-31.15000000000026,0.796875,500,33,False
1829,-82.69999999999888,0.65625,500,0,False
1830,-26.050000000000097,0.671875,500,9,False
1831,-9.400000000000082,0.875,500,0,False
1832,-82.95000000000024,0.859375,500,0,False
1833,-11.55000000000013,0.734375,500,10,False
1834,-11.749999999999911,0.703125,500,12,False
1835,-22.29999999999998,0.71875,500,34,False
1836,-12.950000000000182,0.671875,500,1,False
1837,-6.300000000000294,0.71875,500,1,False
1838,-20.050000000000054,0.640625,500,16,False
1839,-24.000000000000117,0.75,500,0,False
1840,-95.24999999999936,0.796875,500,87,False
1841,-14.9000000000003,0.75,500,1,False
1842,-23.60000000000018,0.6875,500,6,False
1843,-22.0000000000001,0.71875,500,15,False
1844,-34.70000000000008,0.875,500,0,False
1845,-13.749999999999908,0.765625,500,1,False
1846,-105.44999999999993,0.921875,500,0,False
1847,-35.60000000000027,0.78125,500,4,False
1848,-0.7000000000002801,0.8125,500,1,False
1849,-142.85000000000088,0.703125,500,3,False
1850,-45.40000000000044,0.65625,500,0,False
1851,-18.800000000000228,0.6875,500,18,False
1852,-11.700000000000077,0.78125,500,10,False
1853,-19.650000000000293,0.734375,500,28,False
1854,-24.200000000000095,0.6875,500,18,False
1855,-143.25000000000085,0.671875,500,1,False
1856,-11.650000000000302,0.796875,500,3,False
1857,-14.050000000000265,0.734375,500,17,False
1858,-17.899999999999995,0.75,500,4,False
1859,-63.150000000000325,0.578125,500,5,False
1860,-22.250000000000025,0.828125,500,3,False
1861,-18.89999999999995,0.65625,500,20,False
1862,-108.55000000000038,0.671875,500,0,False
1863,-5.449999999999945,0.734375,500,2,False
1864,-12.550000000000237,0.703125,500,13,False
1865,-12.000000000000119,0.84375,500,4,False
1866,-118.50000000000006,0.71875,500,0,False
1867,-11.650000000000112,0.859375,500,0,False
1868,-14.700000000000172,0.75,500,22,False
1869,-55.550000000000104,0.640625,500,4,False
1870,-6.750000000000275,0.734375,500,0,False
1871,-40.5500000000002,0.640625,500,28,False
1872,-49.500000000000355,0.65625,500,7,False
1873,-27.50000000000033,0.78125,500,37,False
1874,-48.350000000000364,0.671875,500,0,False
1875,-94.2,0.6875,500,0,False
1876,-35.850000000000264,0.609375,500,0,False
1877,-135.4000000000003,0.5,500,0,False
1878,-8.200000000000188,0.78125,500,14,False
1879,-31.50000000000026,0.71875,500,16,False
1880,-52.45000000000003,0.890625,500,3,False
1881,-36.000000000000405,0.71875,500,27,False
1882,-75.75000000000024,0.796875,500,28,False
1883,-52.80000000000022,0.78125,500,6,False
1884,-43.0000000000004,0.625,500,1,False
1885,-2.500000000000323,0.78125,500,3,False
1886,-61.15000000000002,0.703125,500,0,False
1887,-15.65000000000015,0.671875,500,15,False
1888,-68.14999999999986,0.859375,500,1,False
1889,-163.05000000000024,0.609375,500,0,False
1890,-30.299999999999994,0.78125,500,25,False
1891,-33.550000000000225,0.859375,500,29,False
1892,-13.84999999999998,0.734375,500,2,False
1893,-22.199999999999932,0.71875,500,12,False
1894,-137.25000000000085,0.734375,500,0,False
1895,-20.799999999999994,0.75,500,1,False
1896,-31.800000000000292,0.625,500,29,False
1897,-12.050000000000162,0.671875,500,8,False
1898,-36.250000000000306,0.796875,500,12,False
1899,-34.70000000000011,0.71875,500,18,False
1900,-13.95000000000008,0.703125,500,6,False
1901,-30.50000000000051,0.78125,500,0,False
1902,-85.64999999999934,0.828125,500,31,False
1903,-5.300000000000298,0.734375,500,2,False
1904,-22.34999999999998,0.734375,500,0,False
1905,-7.900000000000245,0.6875,500,0,False
1906,-21.000000000000018,0.875,500,11,False
1907,-58.100000000000385,0.6875,500,0,False
1908,-11.400000000000125,0.75,500,16,False
1909,-19.950000000000124,0.890625,500,16,False
1910,-67.1,0.84375,500,26,False
1911,-6.900000000000194,0.90625,500,25,False
1912,-11.050000000000038,0.765625,500,8,False
1913,-101.60000000000032,0.875,500,1,False
1914,-22.250000000000167,0.828125,500,0,False
1915,-17.900000000000084,0.6875,500,8,False
1916,-10.950000000000124,0.671875,500,6,False
1917,-58.350000000000215,0.765625,500,0,False
1918,-82.44999999999881,0.671875,500,2,False
1919,-45.850000000000456,0.734375,500,12,False
1920,-2.901845430614003e-13,0.84375,500,1,False
1921,-20.450000000000124,0.765625,500,22,False
1922,-8.750000000000263,0.671875,500,0,False
1923,-24.750000000000114,0.703125,500,15,False
1924,-34.70000000000019,0.5625,500,32,False
1925,-12.650000000000162,0.765625,500,0,False
1926,-16.850000000000296,0.859375,500,11,False
1927,-27.250000000000146,0.828125,500,18,False
1928,-0.2500000000003713,0.828125,500,3,False
1929,-106.70000000000026,0.84375,500,0,False
1930,-87.50000000000014,0.59375,500,10,False
1931,-45.5000000000004,0.65625,500,72,False
1932,-6.90000000000028,0.75,500,3,False
1933,-28.400000000000077,0.765625,500,0,False
1934,-39.45000000000008,0.765625,500,0,False
1935,-37.300000000000466,0.625,500,0,False
1936,-35.15000000000027,0.828125,500,0,False
1937,-36.850000000000264,0.703125,500,23,False
1938,-73.7999999999993,0.65625,500,0,False
1939,-12.150000000000025,0.671875,500,0,False
1940,-67.50000000000028,0.78125,500,2,False
1941,-105.15000000000052,0.640625,500,0,False
1942,2.9999999999996914,0.90625,500,1,False
1943,-29.050000000000182,0.671875,500,42,False
1944,-19.350000000000122,0.796875,500,29,False
1945,-13.350000000000007,0.890625,500,2,False
1946,-10.350000000000085,0.703125,500,9,False
1947,-2.750000000000177,0.765625,500,0,False
1948,-32.65000000000016,0.515625,500,29,False
1949,-41.90000000000007,0.78125,500,0,False
1950,-77.15000000000029,0.765625,500,69,False
1951,-0.15000000000027539,0.890625,500,6,False
1952,-5.300000000000342,0.8125,500,0,False
1953,-45.500000000000114,0.71875,500,12,False
1954,-41.15000000000029,0.765625,500,76,False
1955,-34.800000000000125,0.6875,500,26,False
1956,-42.10000000000027,0.75,500,1,False
1957,-60.00000000000042,0.78125,500,19,False
1958,-2.6000000000003443,0.78125,500,1,False
1959,-5.900000000000262,0.71875,500,0,False
1960,-34.90000000000044,0.78125,500,0,False
1961,-111.14999999999914,0.703125,500,1,False
1962,-19.949999999999974,0.671875,500,12,False
1963,-15.750000000000112,0.703125,500,7,False
1964,0.6499999999995871,0.828125,500,1,False
1965,-13.549999999999967,0.671875,500,11,False
1966,-15.950000000000069,0.703125,500,20,False
1967,-23.700000000000344,0.71875,500,5,False
1968,-32.20000000000017,0.75,500,6,False
1969,-20.250000000000078,0.703125,500,28,False
1970,-12.950000000000125,0.671875,500,0,False
1971,-29.350000000000254,0.59375,500,35,False
1972,-22.750000000000277,0.828125,500,0,False
1973,-9.600000000000174,0.71875,500,1,False
1974,-26.800000000000168,0.78125,500,16,False
1975,-26.05000000000005,0.765625,500,0,False
1976,-24.250000000000263,0.671875,500,0,False
1977,-20.249999999999936,0.734375,500,2,False
1978,-57.10000000000032,0.71875,500,0,False
1979,-20.99999999999998,0.75,500,1,False
1980,-60.650000000000354,0.734375,500,3,False
1981,-101.09999999999992,0.65625,500,0,False
1982,-51.45000000000038,0.765625,500,6,False
1983,-37.100000000000016,0.71875,500,8,False
1984,2.649999999999692,0.859375,500,0,False
1985,-205.30000000000038,0.5625,500,0,False
1986,-14.200000000000047,0.71875,500,17,False
1987,-22.400000000000148,0.65625,500,5,False
1988,-26.849999999999913,0.796875,500,0,False
1989,-9.550000000000011,0.828125,500,0,False
1990,-2.3500000000003616,0.828125,500,9,False
1991,-121.55000000000071,0.734375,500,1,False
1992,-97.20000000000032,0.75,500,0,False
1993,-2.400000000000297,0.875,500,5,False
1994,-2.350000000000302,0.828125,500,0,False
1995,-30.900000000000222,0.71875,500,0,False
1996,-68.00000000000031,0.875,500,23,False
1997,-50.45000000000029,0.703125,500,62,False
1998,-26.00000000000038,0.78125,500,0,False
1999,-77.54999999999954,0.671875,500,0,False
2000,-47.35000000000024,0.859375,500,0,False
2001,-59.950000000000195,0.578125,500,14,False
2002,-34.05000000000022,0.671875,500,0,False
2003,0.599999999999634,0.875,500,0,False
2004,-17.150000000000045,0.671875,500,12,False
2005,-10.250000000000167,0.671875,500,1,False
2006,-16.05000000000022,0.609375,500,7,False
2007,-4.30000000000027,0.78125,500,0,False
2008,-38.15000000000029,0.859375,500,22,False
2009,-8.15000000000014,0.828125,500,1,False
2010,-117.60000000000082,0.5625,500,0,False
2011,-13.05000000000016,0.703125,500,14,False
2012,-52.800000000000196,0.8125,500,31,False
2013,-37.7000000000002,0.9375,500,4,False
2014,-18.10000000000016,0.84375,500,14,False
2015,-49.45000000000004,0.578125,500,0,False
2016,-25.950000000000358,0.703125,500,1,False
2017,-27.600000000000232,0.75,500,16,False
2018,-111.40000000000056,0.6875,500,0,False
2019,-52.80000000000023,0.8125,500,0,False
2020,-41.55000000000021,0.828125,500,0,False
2021,-0.35000000000016884,0.796875,500,1,False
2022,-116.85000000000069,0.765625,500,0,False
2023,-113.7000000000006,0.71875,500,0,False
2024,-21.500000000000227,0.90625,500,7,False
2025,-99.34999999999975,0.765625,500,0,False
2026,-88.8500000000002,0.609375,500,0,False
2027,-141.7500000000009,0.765625,500,0,False
2028,-14.45000000000012,0.765625,500,0,False
2029,-42.400000000000375,0.84375,500,0,False
2030,1.4999999999996474,0.90625,500,0,False
2031,-9.85000000000022,0.796875,500,0,False
2032,-30.00000000000029,0.71875,500,44,False
2033,-20.250000000000135,0.578125,500,10,False
2034,-26.700000000000077,0.9375,500,2,False
2035,-2.150000000000335,0.828125,500,5,False
2036,-26.90000000000006,0.90625,500,0,False
2037,-24.000000000000103,0.8125,500,30,False
2038,-16.95000000000015,0.546875,500,1,False
2039,-65.25000000000024,0.546875,500,51,False
2040,-15.150000000000079,0.734375,500,15,False
2041,-25.750000000000185,0.859375,500,0,False
2042,-60.700000000000294,0.71875,500,1,False
2043,-4.800000000000326,0.75,500,4,False
2044,-13.150000000000087,0.703125,500,14,False
2045,-9.100000000000295,0.75,500,12,False
2046,-74.00000000000016,0.78125,500,2,False
2047,-186.09999999999988,0.78125,500,78,False
2048,-95.35000000000042,0.703125,500,0,False
2049,-66.05000000000001,0.796875,500,12,False
2050,-20.50000000000012,0.65625,500,14,False
2051,-9.850000000000156,0.828125,500,8,False
2052,-103.70000000000056,0.75,500,0,False
2053,-22.899999999999984,0.8125,500,3,False
2054,-26.75000000000018,0.609375,500,28,False
2055,-4.75000000000024,0.796875,500,0,False
2056,-8.899999999999949,0.8125,500,1,False
2057,-157.7000000000002,0.625,500,0,False
2058,-184.6500000000011,0.671875,500,6,False
2059,-5.650000000000049,0.828125,500,1,False
2060,-118.80000000000064,0.78125,500,0,False
2061,-37.85000000000029,0.703125,500,0,False
2062,-105.65000000000009,0.828125,500,14,False
2063,-42.45000000000008,0.828125,500,20,False
2064,-46.05000000000015,0.796875,500,0,False
2065,-34.05000000000017,0.671875,500,2,False
2066,-25.000000000000203,0.8125,500,10,False
2067,-39.65000000000022,0.890625,500,8,False
2068,-24.550000000000438,0.765625,500,41,False
2069,-12.050000000000065,0.859375,500,3,False
2070,-12.15000000000008,0.828125,500,19,False
2071,-52.950000000000415,0.765625,500,25,False
2072,-17.850000000000318,0.859375,500,11,False
2073,-51.65000000000036,0.734375,500,0,False
2074,-18.20000000000013,0.75,500,24,False
2075,-22.949999999999996,0.796875,500,5,False
2076,-12.200000000000307,0.78125,500,0,False
2077,-1.8499999999999321,0.890625,500,0,False
2078,-18.44999999999998,0.796875,500,7,False
2079,-16.950000000000227,0.734375,500,19,False
2080,-98.9500000000004,0.765625,500,0,False
2081,-15.899999999999862,0.8125,500,14,False
2082,-12.950000000000244,0.734375,500,17,False
2083,-134.05000000000084,0.734375,500,0,False
2084,-176.39999999999947,0.625,500,1,False
2085,-73.35000000000008,0.796875,500,0,False
2086,-8.900000000000105,0.90625,500,0,False
2087,-25.30000000000006,0.75,500,1,False
2088,-27.600000000000243,0.75,500,0,False
2089,-38.15000000000045,0.703125,500,0,False
2090,-9.20000000000031,0.78125,500,13,False
2091,-8.400000000000254,0.65625,500,0,False
2092,-17.950000000000227,0.796875,500,29,False
2093,-25.50000000000004,0.65625,500,21,False
2094,-12.95000000000028,0.828125,500,30,False
2095,-17.649999999999988,0.640625,500,11,False
2096,-28.150000000000098,0.828125,500,27,False
2097,-76.89999999999957,0.78125,500,1,False
2098,-76.35000000000001,0.734375,500,4,False
2099,-28.10000000000011,0.78125,500,0,False
2100,-26.25000000000031,0.765625,500,0,False
2101,-112.3500000000005,0.859375,500,0,False
2102,-13.799999999999923,0.671875,500,13,False
2103,-19.850000000000204,0.640625,500,6,False
2104,-4.850000000000323,0.828125,500,0,False
2105,-81.74999999999926,0.734375,500,74,False
2106,-21.95000000000001,0.765625,500,41,False
2107,-10.600000000000334,0.8125,500,4,False
2108,-59.30000000000015,0.78125,500,1,False
2109,-19.500000000000124,0.6875,500,22,False
2110,-46.50000000000046,0.84375,500,4,False
2111,-96.35000000000025,0.921875,500,1,False
2112,-25.15000000000015,0.796875,500,0,False
2113,-7.000000000000201,0.71875,500,0,False
2114,3.1999999999996245,0.84375,500,0,False
2115,-19.550000000000004,0.703125,500,4,False
2116,-79.70000000000023,0.8125,500,0,False
2117,-21.45000000000002,0.734375,500,1,False
2118,-45.70000000000026,0.75,500,9,False
2119,-75.5000000000001,0.78125,500,0,False
2120,-52.1499999999999,0.734375,500,4,False
2121,-27.8500000000002,0.671875,500,25,False
2122,-20.00000000000013,0.59375,500,14,False
2123,-125.85000000000072,0.703125,500,0,False
2124,-25.350000000000183,0.765625,500,44,False
2125,-10.550000000000043,0.796875,500,1,False
2126,-15.350000000000048,0.828125,500,0,False
2127,-20.050000000000193,0.765625,500,1,False
2128,-26.850000000000087,0.734375,500,25,False
2129,-33.100000000000186,0.8125,500,7,False
2130,-19.250000000000234,0.890625,500,3,False
2131,-30.20000000000022,0.78125,500,18,False
2132,-17.49999999999996,0.78125,500,20,False
2133,-25.599999999999962,0.65625,500,15,False
2134,-75.8999999999999,0.828125,500,4,False
2135,-4.549999999999978,0.734375,500,0,False
2136,-38.250000000000206,0.828125,500,0,False
2137,-87.5999999999998,0.625,500,0,False
2138,-24.35000000000022,0.734375,500,0,False
2139,-37.900000000000354,0.78125,500,0,False
2140,-40.000000000000064,0.78125,500,51,False
2141,-123.70000000000064,0.84375,500,0,False
2142,-98.45000000000041,0.796875,500,1,False
2143,-31.050000000000225,0.671875,500,16,False
2144,-57.149999999999885,0.859375,500,2,False
2145,-58.399999999999835,0.625,500,0,False
2146,-36.850000000000165,0.796875,500,0,False
2147,-64.40000000000009,0.78125,500,12,False
2148,-20.20000000000004,0.84375,500,0,False
2149,-149.9000000000007,0.75,500,0,False
2150,-23.700000000000088,0.75,500,0,False
2151,-24.000000000000124,0.78125,500,31,False
2152,-39.25000000000021,0.828125,500,0,False
2153,-7.9000000000000785,0.8125,500,0,False
2154,-9.400000000000254,0.8125,500,11,False
2155,-1.4000000000002628,0.78125,500,1,False
2156,-35.55000000000031,0.765625,500,0,False
